{
    "version": "https://jsonfeed.org/version/1",
    "title": "Wyatt的随想集",
    "home_page_url": "https://www.aipm.space/",
    "description": "一个NotionNext搭建的博客",
    "author": {
        "name": "Wyatt的随想集",
        "url": "https://www.aipm.space"
    },
    "items": [
        {
            "content_html": "<div id=\"notion-article\" class=\"mx-auto overflow-hidden \"><main class=\"notion light-mode notion-page notion-block-9b691735a3554e3a9e666b2b6915daaf\"><div class=\"notion-viewport\"></div><div class=\"notion-collection-page-properties\"></div><h2 class=\"notion-h notion-h1 notion-h-indent-0 notion-block-329e6a96041f4f0d8fc3d7ac6ec21892\" data-id=\"329e6a96041f4f0d8fc3d7ac6ec21892\"><span><div id=\"329e6a96041f4f0d8fc3d7ac6ec21892\" class=\"notion-header-anchor\"></div><a class=\"notion-hash-link\" href=\"#329e6a96041f4f0d8fc3d7ac6ec21892\" title=\"如何使用Notion编写文章\"><svg viewBox=\"0 0 16 16\" width=\"16\" height=\"16\"><path fill-rule=\"evenodd\" d=\"M7.775 3.275a.75.75 0 001.06 1.06l1.25-1.25a2 2 0 112.83 2.83l-2.5 2.5a2 2 0 01-2.83 0 .75.75 0 00-1.06 1.06 3.5 3.5 0 004.95 0l2.5-2.5a3.5 3.5 0 00-4.95-4.95l-1.25 1.25zm-4.69 9.64a2 2 0 010-2.83l2.5-2.5a2 2 0 012.83 0 .75.75 0 001.06-1.06 3.5 3.5 0 00-4.95 0l-2.5 2.5a3.5 3.5 0 004.95 4.95l1.25-1.25a.75.75 0 00-1.06-1.06l-1.25 1.25a2 2 0 01-2.83 0z\"></path></svg></a><span class=\"notion-h-title\">如何使用Notion编写文章</span></span></h2><div class=\"notion-text notion-block-4bf9a02fc5a84513b38931ef4593ee57\">请访问教程获取帮助</div><div class=\"notion-row\"><a target=\"_blank\" rel=\"noopener noreferrer\" class=\"notion-bookmark notion-block-e7b6d2da79e74514bae1957dbe9c8b10\" href=\"https://docs.tangly1024.com/article/start-to-write\"><div><div class=\"notion-bookmark-title\">如何在Notion中开始写作 | NotionNext文档</div><div class=\"notion-bookmark-description\">这是一个由NotionNext生成的站点</div><div class=\"notion-bookmark-link\"><div class=\"notion-bookmark-link-icon\"><img src=\"https://www.notion.so/image/https%3A%2F%2Fdocs.tangly1024.com%2Ffavicon.ico?table=block&amp;id=e7b6d2da-79e7-4514-bae1-957dbe9c8b10&amp;t=e7b6d2da-79e7-4514-bae1-957dbe9c8b10\" alt=\"如何在Notion中开始写作 | NotionNext文档\" loading=\"lazy\" decoding=\"async\"/></div><div class=\"notion-bookmark-link-text\">https://docs.tangly1024.com/article/start-to-write</div></div></div></a></div><div class=\"notion-row\"><a target=\"_blank\" rel=\"noopener noreferrer\" class=\"notion-bookmark notion-block-d7cee6a8486f42f9ac74a3b8940b83f6\" href=\"https://docs.tangly1024.com/article/notion-short-key\"><div><div class=\"notion-bookmark-title\">Notion快捷键 | NotionNext文档</div><div class=\"notion-bookmark-description\">Notion有很多使用的快捷键，看完这篇文章，让你的效率加倍</div><div class=\"notion-bookmark-link\"><div class=\"notion-bookmark-link-icon\"><img src=\"https://www.notion.so/image/https%3A%2F%2Fdocs.tangly1024.com%2Ffavicon.ico?table=block&amp;id=d7cee6a8-486f-42f9-ac74-a3b8940b83f6&amp;t=d7cee6a8-486f-42f9-ac74-a3b8940b83f6\" alt=\"Notion快捷键 | NotionNext文档\" loading=\"lazy\" decoding=\"async\"/></div><div class=\"notion-bookmark-link-text\">https://docs.tangly1024.com/article/notion-short-key</div></div></div><div class=\"notion-bookmark-image\"><img style=\"object-fit:cover\" src=\"https://www.notion.so/image/https%3A%2F%2Fs3-us-west-2.amazonaws.com%2Fsecure.notion-static.com%2Fd4851275-5ab5-4aaa-bc51-77c73ad658c4%2Fe8ed862f23227112ab999a90757a3bf8.jpg?table=block&amp;id=a88d5688-b66a-4baf-a8e8-f769bb210954&amp;width=800&amp;t=d7cee6a8-486f-42f9-ac74-a3b8940b83f6&amp;cache=v2\" alt=\"Notion快捷键 | NotionNext文档\" loading=\"lazy\" decoding=\"async\"/></div></a></div><h2 class=\"notion-h notion-h1 notion-h-indent-0 notion-block-ef4ab96286394e72a0bc4087cf7309a3\" data-id=\"ef4ab96286394e72a0bc4087cf7309a3\"><span><div id=\"ef4ab96286394e72a0bc4087cf7309a3\" class=\"notion-header-anchor\"></div><a class=\"notion-hash-link\" href=\"#ef4ab96286394e72a0bc4087cf7309a3\" title=\"模板使用说明\"><svg viewBox=\"0 0 16 16\" width=\"16\" height=\"16\"><path fill-rule=\"evenodd\" d=\"M7.775 3.275a.75.75 0 001.06 1.06l1.25-1.25a2 2 0 112.83 2.83l-2.5 2.5a2 2 0 01-2.83 0 .75.75 0 00-1.06 1.06 3.5 3.5 0 004.95 0l2.5-2.5a3.5 3.5 0 00-4.95-4.95l-1.25 1.25zm-4.69 9.64a2 2 0 010-2.83l2.5-2.5a2 2 0 012.83 0 .75.75 0 001.06-1.06 3.5 3.5 0 00-4.95 0l-2.5 2.5a3.5 3.5 0 004.95 4.95l1.25-1.25a.75.75 0 00-1.06-1.06l-1.25 1.25a2 2 0 01-2.83 0z\"></path></svg></a><span class=\"notion-h-title\">模板使用说明</span></span></h2><div class=\"notion-text notion-block-e41fae7644824334bf6c02d767359178\">NotionNext项目必须绑定一个Notion数据库才能使用。请访问教程获取帮助</div><div class=\"notion-row\"><a target=\"_blank\" rel=\"noopener noreferrer\" class=\"notion-bookmark notion-block-c6e89d27fab040beb0f45e77fb80ef15\" href=\"https://docs.tangly1024.com/article/vercel-deploy-notion-next#3df829414795492bb41ec351eb6da84e\"><div><div class=\"notion-bookmark-title\">Vercel云部署 | NotionNext文档</div><div class=\"notion-bookmark-description\">Vercel是一款国外的Serverless托管平台，对个人用户使用几乎免费，而且方便快捷，用Vercel托管你的Notion站点，无需再操心服务器的维护与资费问题。</div><div class=\"notion-bookmark-link\"><div class=\"notion-bookmark-link-icon\"><img src=\"https://www.notion.so/image/https%3A%2F%2Fdocs.tangly1024.com%2Ffavicon.ico?table=block&amp;id=c6e89d27-fab0-40be-b0f4-5e77fb80ef15&amp;t=c6e89d27-fab0-40be-b0f4-5e77fb80ef15\" alt=\"Vercel云部署 | NotionNext文档\" loading=\"lazy\" decoding=\"async\"/></div><div class=\"notion-bookmark-link-text\">https://docs.tangly1024.com/article/vercel-deploy-notion-next#3df829414795492bb41ec351eb6da84e</div></div></div><div class=\"notion-bookmark-image\"><img style=\"object-fit:cover\" src=\"https://www.notion.so/image/https%3A%2F%2Fimages.unsplash.com%2Fphoto-1642083139428-9ee5fa423c46%3Fixlib%3Drb-4.0.3%26q%3D50%26fm%3Dwebp%26crop%3Dentropy%26cs%3Dtinysrgb%26width%3D800%26fmt%3Dwebp?table=block&amp;id=c6e89d27-fab0-40be-b0f4-5e77fb80ef15&amp;t=c6e89d27-fab0-40be-b0f4-5e77fb80ef15\" alt=\"Vercel云部署 | NotionNext文档\" loading=\"lazy\" decoding=\"async\"/></div></a></div><div class=\"notion-sync-block notion-block-5a3d108cd3e04781ab6351292f41baca\"><h3 class=\"notion-h notion-h2 notion-block-c65e601161d34d1396af573eaf5f9170\" data-id=\"c65e601161d34d1396af573eaf5f9170\"><span><div id=\"c65e601161d34d1396af573eaf5f9170\" class=\"notion-header-anchor\"></div><a class=\"notion-hash-link\" href=\"#c65e601161d34d1396af573eaf5f9170\" title=\"Notion模板字段说明\"><svg viewBox=\"0 0 16 16\" width=\"16\" height=\"16\"><path fill-rule=\"evenodd\" d=\"M7.775 3.275a.75.75 0 001.06 1.06l1.25-1.25a2 2 0 112.83 2.83l-2.5 2.5a2 2 0 01-2.83 0 .75.75 0 00-1.06 1.06 3.5 3.5 0 004.95 0l2.5-2.5a3.5 3.5 0 00-4.95-4.95l-1.25 1.25zm-4.69 9.64a2 2 0 010-2.83l2.5-2.5a2 2 0 012.83 0 .75.75 0 001.06-1.06 3.5 3.5 0 00-4.95 0l-2.5 2.5a3.5 3.5 0 004.95 4.95l1.25-1.25a.75.75 0 00-1.06-1.06l-1.25 1.25a2 2 0 01-2.83 0z\"></path></svg></a><span class=\"notion-h-title\">Notion模板字段说明</span></span></h3><div class=\"notion-text notion-block-c4e4043d757a4946ae0990b53250745d\">Notion数据库中，每条数据都将有以下属性🤔：</div><table class=\"notion-simple-table notion-block-37e48e788e7a4e34a002fb6da429f840\"><tbody><tr class=\"notion-simple-table-row notion-block-545a57ac075f4c1498e448ae3af8fc08\"><td class=\"\" style=\"width:116.99479675292969px\"><div class=\"notion-simple-table-cell\">属性</div></td><td class=\"\" style=\"width:46.989585876464844px\"><div class=\"notion-simple-table-cell\">必填</div></td><td class=\"\" style=\"width:239.00001525878906px\"><div class=\"notion-simple-table-cell\">说明</div></td><td class=\"\" style=\"width:315.66668701171875px\"><div class=\"notion-simple-table-cell\">备注</div></td></tr><tr class=\"notion-simple-table-row notion-block-085851de93364ef0be1db2857ab60de7\"><td class=\"\" style=\"width:116.99479675292969px\"><div class=\"notion-simple-table-cell\"><code class=\"notion-inline-code\">title</code></div></td><td class=\"\" style=\"width:46.989585876464844px\"><div class=\"notion-simple-table-cell\"> 是</div></td><td class=\"\" style=\"width:239.00001525878906px\"><div class=\"notion-simple-table-cell\"> 文章标题</div></td><td class=\"\" style=\"width:315.66668701171875px\"><div class=\"notion-simple-table-cell\">ㅤ</div></td></tr><tr class=\"notion-simple-table-row notion-block-0d54b4f90e4c47dca1c57b6e1b5630dc\"><td class=\"\" style=\"width:116.99479675292969px\"><div class=\"notion-simple-table-cell\"><code class=\"notion-inline-code\">status</code></div></td><td class=\"\" style=\"width:46.989585876464844px\"><div class=\"notion-simple-table-cell\">是</div></td><td class=\"\" style=\"width:239.00001525878906px\"><div class=\"notion-simple-table-cell\">发布状态</div></td><td class=\"\" style=\"width:315.66668701171875px\"><div class=\"notion-simple-table-cell\">（仅当状态为<code class=\"notion-inline-code\">Published</code> 时会被 展示）</div></td></tr><tr class=\"notion-simple-table-row notion-block-9eb05e77cb20495cbd858aed4f294a71\"><td class=\"\" style=\"width:116.99479675292969px\"><div class=\"notion-simple-table-cell\"><code class=\"notion-inline-code\">type</code></div></td><td class=\"\" style=\"width:46.989585876464844px\"><div class=\"notion-simple-table-cell\">是</div></td><td class=\"\" style=\"width:239.00001525878906px\"><div class=\"notion-simple-table-cell\">页面类型 (博文<code class=\"notion-inline-code\">Post</code> / 单页(<code class=\"notion-inline-code\">Page</code>)</div></td><td class=\"\" style=\"width:315.66668701171875px\"><div class=\"notion-simple-table-cell\">单页不会在博文列表显示 。</div></td></tr><tr class=\"notion-simple-table-row notion-block-2d8717e4bfde448fbac09fa5f101a42f\"><td class=\"\" style=\"width:116.99479675292969px\"><div class=\"notion-simple-table-cell\"><code class=\"notion-inline-code\">summary</code></div></td><td class=\"\" style=\"width:46.989585876464844px\"><div class=\"notion-simple-table-cell\">否</div></td><td class=\"\" style=\"width:239.00001525878906px\"><div class=\"notion-simple-table-cell\">内容摘要</div></td><td class=\"\" style=\"width:315.66668701171875px\"><div class=\"notion-simple-table-cell\">搜索和简略显示会用到，在文章列表会显示出</div></td></tr><tr class=\"notion-simple-table-row notion-block-40ff84eccfbc435487264c2e6747f9f3\"><td class=\"\" style=\"width:116.99479675292969px\"><div class=\"notion-simple-table-cell\"><code class=\"notion-inline-code\">date</code></div></td><td class=\"\" style=\"width:46.989585876464844px\"><div class=\"notion-simple-table-cell\">否</div></td><td class=\"\" style=\"width:239.00001525878906px\"><div class=\"notion-simple-table-cell\">发布日期</div></td><td class=\"\" style=\"width:315.66668701171875px\"><div class=\"notion-simple-table-cell\">在V3.3.9之前的版本此项为必填。</div></td></tr><tr class=\"notion-simple-table-row notion-block-51085075d5a040cabc35d96165372b04\"><td class=\"\" style=\"width:116.99479675292969px\"><div class=\"notion-simple-table-cell\"><code class=\"notion-inline-code\">category</code></div></td><td class=\"\" style=\"width:46.989585876464844px\"><div class=\"notion-simple-table-cell\">否</div></td><td class=\"\" style=\"width:239.00001525878906px\"><div class=\"notion-simple-table-cell\">文章分类</div></td><td class=\"\" style=\"width:315.66668701171875px\"><div class=\"notion-simple-table-cell\">可以自定义</div></td></tr><tr class=\"notion-simple-table-row notion-block-1ba293cbfece48119c0f8121961a63b3\"><td class=\"\" style=\"width:116.99479675292969px\"><div class=\"notion-simple-table-cell\"><code class=\"notion-inline-code\">tags</code></div></td><td class=\"\" style=\"width:46.989585876464844px\"><div class=\"notion-simple-table-cell\">否</div></td><td class=\"\" style=\"width:239.00001525878906px\"><div class=\"notion-simple-table-cell\">文章标签</div></td><td class=\"\" style=\"width:315.66668701171875px\"><div class=\"notion-simple-table-cell\">可多个，建议不要太多</div></td></tr><tr class=\"notion-simple-table-row notion-block-8b32267560464ab4a9f4dfe9d4f60500\"><td class=\"\" style=\"width:116.99479675292969px\"><div class=\"notion-simple-table-cell\"><code class=\"notion-inline-code\">slug</code></div></td><td class=\"\" style=\"width:46.989585876464844px\"><div class=\"notion-simple-table-cell\">否</div></td><td class=\"\" style=\"width:239.00001525878906px\"><div class=\"notion-simple-table-cell\">文章短路径</div></td><td class=\"\" style=\"width:315.66668701171875px\"><div class=\"notion-simple-table-cell\"> (每篇文章唯一，请勿 重复）</div></td></tr><tr class=\"notion-simple-table-row notion-block-fc77d7144445477e956bf69fc090d549\"><td class=\"\" style=\"width:116.99479675292969px\"><div class=\"notion-simple-table-cell\"><code class=\"notion-inline-code\">icon</code></div></td><td class=\"\" style=\"width:46.989585876464844px\"><div class=\"notion-simple-table-cell\">否</div></td><td class=\"\" style=\"width:239.00001525878906px\"><div class=\"notion-simple-table-cell\">菜单栏图标(仅当<code class=\"notion-inline-code\">Page</code>/<code class=\"notion-inline-code\">Menu</code>类型有效)</div></td><td class=\"\" style=\"width:315.66668701171875px\"><div class=\"notion-simple-table-cell\">可以参考：<a target=\"_blank\" rel=\"noopener noreferrer\" class=\"notion-link\" href=\"https://fontawesome.com/v6/search\">图标库地址</a></div></td></tr><tr class=\"notion-simple-table-row notion-block-b776b9f121a943e0bfbbf1b23b58e69d\"><td class=\"\" style=\"width:116.99479675292969px\"><div class=\"notion-simple-table-cell\"><code class=\"notion-inline-code\">password</code></div></td><td class=\"\" style=\"width:46.989585876464844px\"><div class=\"notion-simple-table-cell\"> 否</div></td><td class=\"\" style=\"width:239.00001525878906px\"><div class=\"notion-simple-table-cell\"> 文章加锁</div></td><td class=\"\" style=\"width:315.66668701171875px\"><div class=\"notion-simple-table-cell\"> 需要输入密码才允许访问</div></td></tr></tbody></table><div class=\"notion-text notion-block-eca440e9bc9644c6ae10a1e074940d83\">数据库的每一列有不同的功能；\n\ntype： 这条数据的类型 ，有 notice公告、post文章、page单页、menu菜单、submenu子菜单这几种类型。\n\nslug ，根据数据类型，有不同的作用：在菜单中表示跳转到哪个页面， 在文章中表示这篇文章在博客中的访问地址。 例如 一个类型为page的数据slug为<code class=\"notion-inline-code\">test</code> ， 则可以通过 <a target=\"_blank\" rel=\"noopener noreferrer\" class=\"notion-link\" href=\"https://域名/test\">https://域名/test</a> 访问到这个page；而一个类型为post的数据，slug为<code class=\"notion-inline-code\">example</code>，则可以通过 <a target=\"_blank\" rel=\"noopener noreferrer\" class=\"notion-link\" href=\"https://域名/article/example\">https://域名/article/example</a> 访问到这个博客，同时您的首页列表中也会显示这条博客。</div></div></main></div>",
            "url": "https://www.aipm.space/article/guide",
            "title": "模板说明",
            "summary": "<- 点击标题OPEN按钮打开说明；请检查您的NOTION_PAGE_ID是否成功配置，否则会显示我的默认数据库内容。",
            "date_modified": "2021-07-01T16:00:00.000Z"
        },
        {
            "content_html": "<div id=\"notion-article\" class=\"mx-auto overflow-hidden \"><main class=\"notion light-mode notion-page notion-block-fbba0a61b37d46ae86671bdfa0fd7826\"><div class=\"notion-viewport\"></div><div class=\"notion-collection-page-properties\"></div><div class=\"notion-blank notion-block-7ac3c89b146a4f329ef68da4d77dd6b2\"> </div><div class=\"notion-callout notion-gray_background_co notion-block-32f5293f1ffd4fc99e4cdf5427deb18a\"><div class=\"notion-page-icon-inline notion-page-icon-span\"><span class=\"notion-page-icon\" role=\"img\" aria-label=\"😀\">😀</span></div><div class=\"notion-callout-text\">这里写文章的前言：\n一个简单的开头,简述这篇文章讨论的问题、目标、人物、背景是什么？并简述你给出的答案。<div class=\"notion-text notion-block-0d2bc78c431d45c6afb84650fc6ef71f\">可以说说你的故事：阻碍、努力、结果成果，意外与转折。</div></div></div><div class=\"notion-blank notion-block-a4c7e3d055ab4ac98276c05b98d90326\"> </div><h2 class=\"notion-h notion-h1 notion-h-indent-0 notion-block-8d2ef8cf488e470eb63030da1843880a\" data-id=\"8d2ef8cf488e470eb63030da1843880a\"><span><div id=\"8d2ef8cf488e470eb63030da1843880a\" class=\"notion-header-anchor\"></div><a class=\"notion-hash-link\" href=\"#8d2ef8cf488e470eb63030da1843880a\" title=\"📝 主旨内容\"><svg viewBox=\"0 0 16 16\" width=\"16\" height=\"16\"><path fill-rule=\"evenodd\" d=\"M7.775 3.275a.75.75 0 001.06 1.06l1.25-1.25a2 2 0 112.83 2.83l-2.5 2.5a2 2 0 01-2.83 0 .75.75 0 00-1.06 1.06 3.5 3.5 0 004.95 0l2.5-2.5a3.5 3.5 0 00-4.95-4.95l-1.25 1.25zm-4.69 9.64a2 2 0 010-2.83l2.5-2.5a2 2 0 012.83 0 .75.75 0 001.06-1.06 3.5 3.5 0 00-4.95 0l-2.5 2.5a3.5 3.5 0 004.95 4.95l1.25-1.25a.75.75 0 00-1.06-1.06l-1.25 1.25a2 2 0 01-2.83 0z\"></path></svg></a><span class=\"notion-h-title\">📝 主旨内容</span></span></h2><h3 class=\"notion-h notion-h2 notion-h-indent-1 notion-block-63b68d483eac41c5b7b278158d00a6bf\" data-id=\"63b68d483eac41c5b7b278158d00a6bf\"><span><div id=\"63b68d483eac41c5b7b278158d00a6bf\" class=\"notion-header-anchor\"></div><a class=\"notion-hash-link\" href=\"#63b68d483eac41c5b7b278158d00a6bf\" title=\"观点1\"><svg viewBox=\"0 0 16 16\" width=\"16\" height=\"16\"><path fill-rule=\"evenodd\" d=\"M7.775 3.275a.75.75 0 001.06 1.06l1.25-1.25a2 2 0 112.83 2.83l-2.5 2.5a2 2 0 01-2.83 0 .75.75 0 00-1.06 1.06 3.5 3.5 0 004.95 0l2.5-2.5a3.5 3.5 0 00-4.95-4.95l-1.25 1.25zm-4.69 9.64a2 2 0 010-2.83l2.5-2.5a2 2 0 012.83 0 .75.75 0 001.06-1.06 3.5 3.5 0 00-4.95 0l-2.5 2.5a3.5 3.5 0 004.95 4.95l1.25-1.25a.75.75 0 00-1.06-1.06l-1.25 1.25a2 2 0 01-2.83 0z\"></path></svg></a><span class=\"notion-h-title\">观点1</span></span></h3><blockquote class=\"notion-quote notion-block-a8ce02862bac40b6abdebb9074aec5f4\"><div>引用的话语</div></blockquote><h3 class=\"notion-h notion-h2 notion-h-indent-1 notion-block-c58ef46888144e37915195861858cb96\" data-id=\"c58ef46888144e37915195861858cb96\"><span><div id=\"c58ef46888144e37915195861858cb96\" class=\"notion-header-anchor\"></div><a class=\"notion-hash-link\" href=\"#c58ef46888144e37915195861858cb96\" title=\"观点2\"><svg viewBox=\"0 0 16 16\" width=\"16\" height=\"16\"><path fill-rule=\"evenodd\" d=\"M7.775 3.275a.75.75 0 001.06 1.06l1.25-1.25a2 2 0 112.83 2.83l-2.5 2.5a2 2 0 01-2.83 0 .75.75 0 00-1.06 1.06 3.5 3.5 0 004.95 0l2.5-2.5a3.5 3.5 0 00-4.95-4.95l-1.25 1.25zm-4.69 9.64a2 2 0 010-2.83l2.5-2.5a2 2 0 012.83 0 .75.75 0 001.06-1.06 3.5 3.5 0 00-4.95 0l-2.5 2.5a3.5 3.5 0 004.95 4.95l1.25-1.25a.75.75 0 00-1.06-1.06l-1.25 1.25a2 2 0 01-2.83 0z\"></path></svg></a><span class=\"notion-h-title\">观点2</span></span></h3><blockquote class=\"notion-quote notion-block-2655f55ae2cd4ab3b4a91543dbdb9ad2\"><div>引用的话语</div></blockquote><h2 class=\"notion-h notion-h1 notion-h-indent-0 notion-block-f6ac50e7350541a19ae6982b686828aa\" data-id=\"f6ac50e7350541a19ae6982b686828aa\"><span><div id=\"f6ac50e7350541a19ae6982b686828aa\" class=\"notion-header-anchor\"></div><a class=\"notion-hash-link\" href=\"#f6ac50e7350541a19ae6982b686828aa\" title=\"🤗 总结归纳\"><svg viewBox=\"0 0 16 16\" width=\"16\" height=\"16\"><path fill-rule=\"evenodd\" d=\"M7.775 3.275a.75.75 0 001.06 1.06l1.25-1.25a2 2 0 112.83 2.83l-2.5 2.5a2 2 0 01-2.83 0 .75.75 0 00-1.06 1.06 3.5 3.5 0 004.95 0l2.5-2.5a3.5 3.5 0 00-4.95-4.95l-1.25 1.25zm-4.69 9.64a2 2 0 010-2.83l2.5-2.5a2 2 0 012.83 0 .75.75 0 001.06-1.06 3.5 3.5 0 00-4.95 0l-2.5 2.5a3.5 3.5 0 004.95 4.95l1.25-1.25a.75.75 0 00-1.06-1.06l-1.25 1.25a2 2 0 01-2.83 0z\"></path></svg></a><span class=\"notion-h-title\">🤗 总结归纳</span></span></h2><div class=\"notion-text notion-block-8560f4e35a2c4fcb8f0dfaaa4ad38229\">总结文章的内容</div><h2 class=\"notion-h notion-h1 notion-h-indent-0 notion-block-ef146ce0e0974631bd7241d3828e3f85\" data-id=\"ef146ce0e0974631bd7241d3828e3f85\"><span><div id=\"ef146ce0e0974631bd7241d3828e3f85\" class=\"notion-header-anchor\"></div><a class=\"notion-hash-link\" href=\"#ef146ce0e0974631bd7241d3828e3f85\" title=\"📎 参考文章\"><svg viewBox=\"0 0 16 16\" width=\"16\" height=\"16\"><path fill-rule=\"evenodd\" d=\"M7.775 3.275a.75.75 0 001.06 1.06l1.25-1.25a2 2 0 112.83 2.83l-2.5 2.5a2 2 0 01-2.83 0 .75.75 0 00-1.06 1.06 3.5 3.5 0 004.95 0l2.5-2.5a3.5 3.5 0 00-4.95-4.95l-1.25 1.25zm-4.69 9.64a2 2 0 010-2.83l2.5-2.5a2 2 0 012.83 0 .75.75 0 001.06-1.06 3.5 3.5 0 00-4.95 0l-2.5 2.5a3.5 3.5 0 004.95 4.95l1.25-1.25a.75.75 0 00-1.06-1.06l-1.25 1.25a2 2 0 01-2.83 0z\"></path></svg></a><span class=\"notion-h-title\">📎 参考文章</span></span></h2><ul class=\"notion-list notion-list-disc notion-block-7f95be55ef8744bc9748621aa892252b\"><li>一些引用</li></ul><ul class=\"notion-list notion-list-disc notion-block-8b06e55cd2f549d7b146ebab64dd2c94\"><li>引用文章</li></ul><div class=\"notion-blank notion-block-6247a127465c45e0a2ab8a1bb3fef06d\"> </div><div class=\"notion-callout notion-gray_background_co notion-block-b168ddd5f8d846798eabbc887e2401b6\"><div class=\"notion-page-icon-inline notion-page-icon-span\"><span class=\"notion-page-icon\" role=\"img\" aria-label=\"💡\">💡</span></div><div class=\"notion-callout-text\">有关Notion安装或者使用上的问题，欢迎您在底部评论区留言，一起交流~</div></div></main></div>",
            "url": "https://www.aipm.space/article/example-3",
            "title": "EMPTY-ARTICLE",
            "summary": "仅供列表展示、文章无内容，仅供列表展示、文章无内容，仅供列表展示、文章无内容。",
            "date_modified": "2021-07-01T16:00:00.000Z"
        },
        {
            "content_html": "<div id=\"notion-article\" class=\"mx-auto overflow-hidden \"><main class=\"notion light-mode notion-page notion-block-f5dbae2b098946479f256899d64a9d97\"><div class=\"notion-viewport\"></div><div class=\"notion-collection-page-properties\"></div><div class=\"notion-callout notion-gray_background_co notion-block-ef7b7e9a1ce84be0ad8a34e1b6111d44\"><div class=\"notion-page-icon-inline notion-page-icon-span\"><span class=\"notion-page-icon\" role=\"img\" aria-label=\"😀\">😀</span></div><div class=\"notion-callout-text\">如果您的Notion数据库已经修改了内容，发现网站内容还是旧的，说明绑定NotionPageID失败了，请重新检查Vercel后台是否正确配置好ID，并尝试重新部署</div></div></main></div>",
            "url": "https://www.aipm.space/article/example-4",
            "title": "绑定成功测试",
            "summary": "如果您的Notion数据库已经修改了内容，发现网站内容还是旧的，说明绑定NotionPageID失败了，请重新检查Vercel后台是否正确配置好ID，并尝试重新部署。",
            "date_modified": "2021-07-01T16:00:00.000Z"
        },
        {
            "content_html": "<div id=\"notion-article\" class=\"mx-auto overflow-hidden \"><main class=\"notion light-mode notion-page notion-block-2d37be1157724e72a660ef5ef07290e9\"><div class=\"notion-viewport\"></div><div class=\"notion-collection-page-properties\"></div><h2 class=\"notion-h notion-h1 notion-h-indent-0 notion-block-7a37ab59055c4d879a0a3cb5299100ea\" data-id=\"7a37ab59055c4d879a0a3cb5299100ea\"><span><div id=\"7a37ab59055c4d879a0a3cb5299100ea\" class=\"notion-header-anchor\"></div><a class=\"notion-hash-link\" href=\"#7a37ab59055c4d879a0a3cb5299100ea\" title=\"基本段落\"><svg viewBox=\"0 0 16 16\" width=\"16\" height=\"16\"><path fill-rule=\"evenodd\" d=\"M7.775 3.275a.75.75 0 001.06 1.06l1.25-1.25a2 2 0 112.83 2.83l-2.5 2.5a2 2 0 01-2.83 0 .75.75 0 00-1.06 1.06 3.5 3.5 0 004.95 0l2.5-2.5a3.5 3.5 0 00-4.95-4.95l-1.25 1.25zm-4.69 9.64a2 2 0 010-2.83l2.5-2.5a2 2 0 012.83 0 .75.75 0 001.06-1.06 3.5 3.5 0 00-4.95 0l-2.5 2.5a3.5 3.5 0 004.95 4.95l1.25-1.25a.75.75 0 00-1.06-1.06l-1.25 1.25a2 2 0 01-2.83 0z\"></path></svg></a><span class=\"notion-h-title\">基本段落</span></span></h2><blockquote class=\"notion-quote notion-block-75fbdb9a9fb140aca4d682992f334d0f\"><div>书中自有黄金屋，书中自有颜如玉</div></blockquote><div class=\"notion-callout notion-gray_background_co notion-block-a718796874cb4a3994495b1acbb13c92\"><div class=\"notion-page-icon-inline notion-page-icon-span\"><span class=\"notion-page-icon\" role=\"img\" aria-label=\"💡\">💡</span></div><div class=\"notion-callout-text\">生活的意义并不是与他人争高下，而在于享受努力实现目标的过程，结果只是对自己行动的嘉奖。</div></div><h3 class=\"notion-h notion-h2 notion-h-indent-1 notion-block-8dcf54f1a07c4e59abb0c96ac1272f93\" data-id=\"8dcf54f1a07c4e59abb0c96ac1272f93\"><span><div id=\"8dcf54f1a07c4e59abb0c96ac1272f93\" class=\"notion-header-anchor\"></div><a class=\"notion-hash-link\" href=\"#8dcf54f1a07c4e59abb0c96ac1272f93\" title=\"将进酒\"><svg viewBox=\"0 0 16 16\" width=\"16\" height=\"16\"><path fill-rule=\"evenodd\" d=\"M7.775 3.275a.75.75 0 001.06 1.06l1.25-1.25a2 2 0 112.83 2.83l-2.5 2.5a2 2 0 01-2.83 0 .75.75 0 00-1.06 1.06 3.5 3.5 0 004.95 0l2.5-2.5a3.5 3.5 0 00-4.95-4.95l-1.25 1.25zm-4.69 9.64a2 2 0 010-2.83l2.5-2.5a2 2 0 012.83 0 .75.75 0 001.06-1.06 3.5 3.5 0 00-4.95 0l-2.5 2.5a3.5 3.5 0 004.95 4.95l1.25-1.25a.75.75 0 00-1.06-1.06l-1.25 1.25a2 2 0 01-2.83 0z\"></path></svg></a><span class=\"notion-h-title\"><b>将进酒</b></span></span></h3><div class=\"notion-text notion-block-bc6677169f5349b4ac0d8e77c10a00c3\">李白〔唐代〕<a target=\"_blank\" rel=\"noopener noreferrer\" class=\"notion-link\" href=\"#a47eb4929c654ac4b8c895d00023a97e\">参考[1]</a></div><div class=\"notion-text notion-block-aeee0a350b4a480aa8083321c40c3352\">君不见黄河之水天上来，奔流到海不复回。\n君不见高堂明镜悲白发，朝如青丝暮成雪。\n人生得意须尽欢，莫使金樽空对月。\n天生我材必有用，千金散尽还复来。\n烹羊宰牛且为乐，会须一饮三百杯。\n岑夫子，丹丘生，将进酒，杯莫停。\n与君歌一曲，请君为我倾耳听。\n钟鼓馔玉不足贵，但愿长醉不愿醒。\n古来圣贤皆寂寞，惟有饮者留其名。\n陈王昔时宴平乐，斗酒十千恣欢谑。\n主人何为言少钱，径须沽取对君酌。\n五花马、千金裘，呼儿将出换美酒，与尔同销万古愁。</div><div class=\"notion-row\"><a target=\"_blank\" rel=\"noopener noreferrer\" class=\"notion-bookmark notion-block-2422d1359af249fb96363de0c0197361\" href=\"https://tangly1024.com/\"><div><div class=\"notion-bookmark-title\">TANGLY&#x27;s BLOG | 记录思考、分享我的学习笔记</div><div class=\"notion-bookmark-description\">记录思考、分享我的学习笔记</div><div class=\"notion-bookmark-link\"><div class=\"notion-bookmark-link-icon\"><img src=\"https://www.notion.so/image/https%3A%2F%2Ftangly1024.com%2Ffavicon.ico?table=block&amp;id=2422d135-9af2-49fb-9636-3de0c0197361&amp;t=2422d135-9af2-49fb-9636-3de0c0197361\" alt=\"TANGLY&#x27;s BLOG | 记录思考、分享我的学习笔记\" loading=\"lazy\" decoding=\"async\"/></div><div class=\"notion-bookmark-link-text\">https://tangly1024.com/</div></div></div><div class=\"notion-bookmark-image\"><img style=\"object-fit:cover\" src=\"https://www.notion.so/image/https%3A%2F%2Fimages.unsplash.com%2Fphoto-1564419320603-628d868a193f%3Fq%3D50%26fm%3Djpg%26fit%3Dcrop%26w%3D1920%26h%3D1600?table=block&amp;id=2422d135-9af2-49fb-9636-3de0c0197361&amp;t=2422d135-9af2-49fb-9636-3de0c0197361\" alt=\"TANGLY&#x27;s BLOG | 记录思考、分享我的学习笔记\" loading=\"lazy\" decoding=\"async\"/></div></a></div><h2 class=\"notion-h notion-h1 notion-h-indent-0 notion-block-dfce60c0a02d4f99ab157ceaafdbabfb\" data-id=\"dfce60c0a02d4f99ab157ceaafdbabfb\"><span><div id=\"dfce60c0a02d4f99ab157ceaafdbabfb\" class=\"notion-header-anchor\"></div><a class=\"notion-hash-link\" href=\"#dfce60c0a02d4f99ab157ceaafdbabfb\" title=\"特殊段落\"><svg viewBox=\"0 0 16 16\" width=\"16\" height=\"16\"><path fill-rule=\"evenodd\" d=\"M7.775 3.275a.75.75 0 001.06 1.06l1.25-1.25a2 2 0 112.83 2.83l-2.5 2.5a2 2 0 01-2.83 0 .75.75 0 00-1.06 1.06 3.5 3.5 0 004.95 0l2.5-2.5a3.5 3.5 0 00-4.95-4.95l-1.25 1.25zm-4.69 9.64a2 2 0 010-2.83l2.5-2.5a2 2 0 012.83 0 .75.75 0 001.06-1.06 3.5 3.5 0 00-4.95 0l-2.5 2.5a3.5 3.5 0 004.95 4.95l1.25-1.25a.75.75 0 00-1.06-1.06l-1.25 1.25a2 2 0 01-2.83 0z\"></path></svg></a><span class=\"notion-h-title\">特殊段落</span></span></h2><h3 class=\"notion-h notion-h2 notion-h-indent-1 notion-block-4362a0d7a4954f8ca292ffbf9d4aadc0\" data-id=\"4362a0d7a4954f8ca292ffbf9d4aadc0\"><span><div id=\"4362a0d7a4954f8ca292ffbf9d4aadc0\" class=\"notion-header-anchor\"></div><a class=\"notion-hash-link\" href=\"#4362a0d7a4954f8ca292ffbf9d4aadc0\" title=\"1.代码\"><svg viewBox=\"0 0 16 16\" width=\"16\" height=\"16\"><path fill-rule=\"evenodd\" d=\"M7.775 3.275a.75.75 0 001.06 1.06l1.25-1.25a2 2 0 112.83 2.83l-2.5 2.5a2 2 0 01-2.83 0 .75.75 0 00-1.06 1.06 3.5 3.5 0 004.95 0l2.5-2.5a3.5 3.5 0 00-4.95-4.95l-1.25 1.25zm-4.69 9.64a2 2 0 010-2.83l2.5-2.5a2 2 0 012.83 0 .75.75 0 001.06-1.06 3.5 3.5 0 00-4.95 0l-2.5 2.5a3.5 3.5 0 004.95 4.95l1.25-1.25a.75.75 0 00-1.06-1.06l-1.25 1.25a2 2 0 01-2.83 0z\"></path></svg></a><span class=\"notion-h-title\">1.代码</span></span></h3><details class=\"notion-toggle notion-block-60410442da1b44c7aab0bc5c0d9d77ce\"><summary>其他更多语言</summary><div></div></details><h3 class=\"notion-h notion-h2 notion-h-indent-1 notion-block-7581a4633f24477e8e636d6f034cc805\" data-id=\"7581a4633f24477e8e636d6f034cc805\"><span><div id=\"7581a4633f24477e8e636d6f034cc805\" class=\"notion-header-anchor\"></div><a class=\"notion-hash-link\" href=\"#7581a4633f24477e8e636d6f034cc805\" title=\"2.公式\"><svg viewBox=\"0 0 16 16\" width=\"16\" height=\"16\"><path fill-rule=\"evenodd\" d=\"M7.775 3.275a.75.75 0 001.06 1.06l1.25-1.25a2 2 0 112.83 2.83l-2.5 2.5a2 2 0 01-2.83 0 .75.75 0 00-1.06 1.06 3.5 3.5 0 004.95 0l2.5-2.5a3.5 3.5 0 00-4.95-4.95l-1.25 1.25zm-4.69 9.64a2 2 0 010-2.83l2.5-2.5a2 2 0 012.83 0 .75.75 0 001.06-1.06 3.5 3.5 0 00-4.95 0l-2.5 2.5a3.5 3.5 0 004.95 4.95l1.25-1.25a.75.75 0 00-1.06-1.06l-1.25 1.25a2 2 0 01-2.83 0z\"></path></svg></a><span class=\"notion-h-title\">2.公式</span></span></h3><ul class=\"notion-list notion-list-disc notion-block-273b99edcac44328a2ef953cef3be295\"><li>数学公式</li><ul class=\"notion-list notion-list-disc notion-block-273b99edcac44328a2ef953cef3be295\"></ul></ul><ul class=\"notion-list notion-list-disc notion-block-9d8c0c5265504c0fbb06bc28a8bb3cc8\"><li>化学方程</li><ul class=\"notion-list notion-list-disc notion-block-9d8c0c5265504c0fbb06bc28a8bb3cc8\"><div class=\"notion-text notion-block-3a2a315ef6134511ba80f891877d27fc\"></div></ul></ul><details class=\"notion-toggle notion-block-34b4cdf79eb84908b19e1758711e8886\"><summary>其他更多公式</summary><div><div class=\"notion-blank notion-block-ee4de2d8d75247c3a5df3ea5e21d4e89\"> </div></div></details><h3 class=\"notion-h notion-h2 notion-h-indent-1 notion-block-678a486baed94ba0b88d0a1768cc497a\" data-id=\"678a486baed94ba0b88d0a1768cc497a\"><span><div id=\"678a486baed94ba0b88d0a1768cc497a\" class=\"notion-header-anchor\"></div><a class=\"notion-hash-link\" href=\"#678a486baed94ba0b88d0a1768cc497a\" title=\"3. 图表\"><svg viewBox=\"0 0 16 16\" width=\"16\" height=\"16\"><path fill-rule=\"evenodd\" d=\"M7.775 3.275a.75.75 0 001.06 1.06l1.25-1.25a2 2 0 112.83 2.83l-2.5 2.5a2 2 0 01-2.83 0 .75.75 0 00-1.06 1.06 3.5 3.5 0 004.95 0l2.5-2.5a3.5 3.5 0 00-4.95-4.95l-1.25 1.25zm-4.69 9.64a2 2 0 010-2.83l2.5-2.5a2 2 0 012.83 0 .75.75 0 001.06-1.06 3.5 3.5 0 00-4.95 0l-2.5 2.5a3.5 3.5 0 004.95 4.95l1.25-1.25a.75.75 0 00-1.06-1.06l-1.25 1.25a2 2 0 01-2.83 0z\"></path></svg></a><span class=\"notion-h-title\">3. 图表</span></span></h3><figure class=\"notion-asset-wrapper notion-asset-wrapper-pdf notion-block-339435f92e60406c965fbca0deda09e4\"><div style=\"position:relative;display:block;justify-content:center;align-self:center;width:720px;max-width:100%;flex-direction:column;height:469px;overflow:auto;background:rgb(226, 226, 226);padding:8px 16px\"></div></figure><h3 class=\"notion-h notion-h2 notion-h-indent-1 notion-block-38b51db50d7249e9aec98f04f5dde45d\" data-id=\"38b51db50d7249e9aec98f04f5dde45d\"><span><div id=\"38b51db50d7249e9aec98f04f5dde45d\" class=\"notion-header-anchor\"></div><a class=\"notion-hash-link\" href=\"#38b51db50d7249e9aec98f04f5dde45d\" title=\"4.下载附件\"><svg viewBox=\"0 0 16 16\" width=\"16\" height=\"16\"><path fill-rule=\"evenodd\" d=\"M7.775 3.275a.75.75 0 001.06 1.06l1.25-1.25a2 2 0 112.83 2.83l-2.5 2.5a2 2 0 01-2.83 0 .75.75 0 00-1.06 1.06 3.5 3.5 0 004.95 0l2.5-2.5a3.5 3.5 0 00-4.95-4.95l-1.25 1.25zm-4.69 9.64a2 2 0 010-2.83l2.5-2.5a2 2 0 012.83 0 .75.75 0 001.06-1.06 3.5 3.5 0 00-4.95 0l-2.5 2.5a3.5 3.5 0 004.95 4.95l1.25-1.25a.75.75 0 00-1.06-1.06l-1.25 1.25a2 2 0 01-2.83 0z\"></path></svg></a><span class=\"notion-h-title\">4.下载附件</span></span></h3><div class=\"notion-file notion-block-5af5f7f7cf7d4377a574ef17a1cbe8ee\"><a target=\"_blank\" rel=\"noopener noreferrer\" class=\"notion-file-link\" href=\"https://notion.so/signed/https%3A%2F%2Fprod-files-secure.s3.us-west-2.amazonaws.com%2F8b46c29d-4454-4253-854c-e34a6438dcac%2Ffab11580-96c3-4230-90f6-05257f00fb0a%2F%25E6%25B5%258B%25E8%25AF%2595%25E5%25B5%258C%25E5%2585%25A5PDF.pdf?table=block&amp;id=5af5f7f7-cf7d-4377-a574-ef17a1cbe8ee\"><svg class=\"notion-file-icon\" viewBox=\"0 0 30 30\"><path d=\"M22,8v12c0,3.866-3.134,7-7,7s-7-3.134-7-7V8c0-2.762,2.238-5,5-5s5,2.238,5,5v12c0,1.657-1.343,3-3,3s-3-1.343-3-3V8h-2v12c0,2.762,2.238,5,5,5s5-2.238,5-5V8c0-3.866-3.134-7-7-7S6,4.134,6,8v12c0,4.971,4.029,9,9,9s9-4.029,9-9V8H22z\"></path></svg><div class=\"notion-file-info\"><div class=\"notion-file-title\">下载PDF附件.pdf</div><div class=\"notion-file-size\">469.5KB</div></div></a></div><div class=\"notion-file notion-block-a232779f28e446a68b15f64c67e18499\"><a target=\"_blank\" rel=\"noopener noreferrer\" class=\"notion-file-link\" href=\"https://notion.so/signed/https%3A%2F%2Fprod-files-secure.s3.us-west-2.amazonaws.com%2F8b46c29d-4454-4253-854c-e34a6438dcac%2F69f6fdf6-9aab-485a-a73d-d5c0d3f324db%2F%25E4%25B8%258B%25E8%25BD%25BDPDF%25E9%2599%2584%25E4%25BB%25B6-2.pdf?table=block&amp;id=a232779f-28e4-46a6-8b15-f64c67e18499\"><svg class=\"notion-file-icon\" viewBox=\"0 0 30 30\"><path d=\"M22,8v12c0,3.866-3.134,7-7,7s-7-3.134-7-7V8c0-2.762,2.238-5,5-5s5,2.238,5,5v12c0,1.657-1.343,3-3,3s-3-1.343-3-3V8h-2v12c0,2.762,2.238,5,5,5s5-2.238,5-5V8c0-3.866-3.134-7-7-7S6,4.134,6,8v12c0,4.971,4.029,9,9,9s9-4.029,9-9V8H22z\"></path></svg><div class=\"notion-file-info\"><div class=\"notion-file-title\">下载PDF附件-2.pdf</div><div class=\"notion-file-size\">469.5KB</div></div></a></div><h3 class=\"notion-h notion-h2 notion-h-indent-1 notion-block-8a2f55fd074349908c4c0329c8cd8dd4\" data-id=\"8a2f55fd074349908c4c0329c8cd8dd4\"><span><div id=\"8a2f55fd074349908c4c0329c8cd8dd4\" class=\"notion-header-anchor\"></div><a class=\"notion-hash-link\" href=\"#8a2f55fd074349908c4c0329c8cd8dd4\" title=\"5. 照片集\"><svg viewBox=\"0 0 16 16\" width=\"16\" height=\"16\"><path fill-rule=\"evenodd\" d=\"M7.775 3.275a.75.75 0 001.06 1.06l1.25-1.25a2 2 0 112.83 2.83l-2.5 2.5a2 2 0 01-2.83 0 .75.75 0 00-1.06 1.06 3.5 3.5 0 004.95 0l2.5-2.5a3.5 3.5 0 00-4.95-4.95l-1.25 1.25zm-4.69 9.64a2 2 0 010-2.83l2.5-2.5a2 2 0 012.83 0 .75.75 0 001.06-1.06 3.5 3.5 0 00-4.95 0l-2.5 2.5a3.5 3.5 0 004.95 4.95l1.25-1.25a.75.75 0 00-1.06-1.06l-1.25 1.25a2 2 0 01-2.83 0z\"></path></svg></a><span class=\"notion-h-title\">5. 照片集</span></span></h3><div class=\"notion-callout notion-gray_background_co notion-block-78b7c051eb9a4e59b43864ab39947f65\"><div class=\"notion-page-icon-inline notion-page-icon-span\"><span class=\"notion-page-icon\" role=\"img\" aria-label=\"💡\">💡</span></div><div class=\"notion-callout-text\">这是一张图片<figure class=\"notion-asset-wrapper notion-asset-wrapper-image notion-block-f5097e2491134ff7b7eca0f07fde046b\"><div style=\"position:relative;display:flex;justify-content:center;align-self:center;width:288px;max-width:100%;flex-direction:column\"><img style=\"object-fit:cover\" src=\"https://www.notion.so/image/https%3A%2F%2Fprod-files-secure.s3.us-west-2.amazonaws.com%2F8b46c29d-4454-4253-854c-e34a6438dcac%2Fc876828e-2768-4863-b6d3-ad97b32223d3%2FWX20201027-1015302x.png?table=block&amp;id=f5097e24-9113-4ff7-b7ec-a0f07fde046b&amp;t=f5097e24-9113-4ff7-b7ec-a0f07fde046b&amp;width=288&amp;cache=v2\" alt=\"notion image\" loading=\"lazy\" decoding=\"async\"/></div></figure></div></div><div><div></div><div class=\"notion-collection-header\"><div class=\"notion-collection-header-title\">照片集</div></div></div><div class=\"notion-collection notion-block-601dc2e08f8b489290fc2905de386b2d\"><div class=\"notion-gallery\"><div class=\"notion-gallery-view\"><div class=\"notion-gallery-grid notion-gallery-grid-size-large\"><a class=\"notion-collection-card notion-collection-card-size-large\" href=\"/5ef93b5be52c4ff8a3ad7c98c4a3208c\"><div class=\"notion-collection-card-cover\"><img style=\"object-fit:cover;object-position:center 30.000000000000004%\" src=\"https://www.notion.so/images/page-cover/met_emanuel_leutze.jpg\" alt=\"照片标题1\" loading=\"lazy\" decoding=\"async\"/></div><div class=\"notion-collection-card-body\"><div class=\"notion-collection-card-property\"><span class=\"notion-property notion-property-title\"><span class=\"notion-page-link\"><span class=\"notion-page-title\"><div class=\"notion-page-icon-inline notion-page-icon-image\"><svg class=\"notion-page-title-icon notion-page-icon\" alt=\"照片标题1\" viewBox=\"0 0 30 30\" width=\"16\"><path d=\"M16,1H4v28h22V11L16,1z M16,3.828L23.172,11H16V3.828z M24,27H6V3h8v10h10V27z M8,17h14v-2H8V17z M8,21h14v-2H8V21z M8,25h14v-2H8V25z\"></path></svg></div><span class=\"notion-page-title-text\">照片标题1</span></span></span></span></div><div class=\"notion-collection-card-property\"><span class=\"notion-property notion-property-text\"><form action=\"https://preview.tangly1024.com/fc758ffac897479d9a7161cce3272520\" target=\"_blank\"><input type=\"submit\" class=\"nested-form-link notion-link\" value=\"查看\"/></form></span></div></div></a><a class=\"notion-collection-card notion-collection-card-size-large\" href=\"/10d4f3f50c8d476fbecec43447a7d2b1\"><div class=\"notion-collection-card-cover\"><img style=\"object-fit:cover;object-position:center 100%\" src=\"https://www.notion.so/images/page-cover/woodcuts_5.jpg\" alt=\"照片标题2\" loading=\"lazy\" decoding=\"async\"/></div><div class=\"notion-collection-card-body\"><div class=\"notion-collection-card-property\"><span class=\"notion-property notion-property-title\"><span class=\"notion-page-link\"><span class=\"notion-page-title\"><div class=\"notion-page-icon-inline notion-page-icon-image\"><svg class=\"notion-page-title-icon notion-page-icon\" alt=\"照片标题2\" viewBox=\"0 0 30 30\" width=\"16\"><path d=\"M16,1H4v28h22V11L16,1z M16,3.828L23.172,11H16V3.828z M24,27H6V3h8v10h10V27z M8,17h14v-2H8V17z M8,21h14v-2H8V21z M8,25h14v-2H8V25z\"></path></svg></div><span class=\"notion-page-title-text\">照片标题2</span></span></span></span></div><div class=\"notion-collection-card-property\"><span class=\"notion-property notion-property-text\"><form action=\"https://tangly1024.com/\" target=\"_blank\"><input type=\"submit\" class=\"nested-form-link notion-link\" value=\"https://tangly1024.com/\"/></form></span></div></div></a></div></div></div></div><h3 class=\"notion-h notion-h2 notion-h-indent-1 notion-block-6d0c12d8273d41d49ecaa4dcf7507434\" data-id=\"6d0c12d8273d41d49ecaa4dcf7507434\"><span><div id=\"6d0c12d8273d41d49ecaa4dcf7507434\" class=\"notion-header-anchor\"></div><a class=\"notion-hash-link\" href=\"#6d0c12d8273d41d49ecaa4dcf7507434\" title=\"6. 内嵌网页\"><svg viewBox=\"0 0 16 16\" width=\"16\" height=\"16\"><path fill-rule=\"evenodd\" d=\"M7.775 3.275a.75.75 0 001.06 1.06l1.25-1.25a2 2 0 112.83 2.83l-2.5 2.5a2 2 0 01-2.83 0 .75.75 0 00-1.06 1.06 3.5 3.5 0 004.95 0l2.5-2.5a3.5 3.5 0 00-4.95-4.95l-1.25 1.25zm-4.69 9.64a2 2 0 010-2.83l2.5-2.5a2 2 0 012.83 0 .75.75 0 001.06-1.06 3.5 3.5 0 00-4.95 0l-2.5 2.5a3.5 3.5 0 004.95 4.95l1.25-1.25a.75.75 0 00-1.06-1.06l-1.25 1.25a2 2 0 01-2.83 0z\"></path></svg></a><span class=\"notion-h-title\">6. 内嵌网页</span></span></h3><figure class=\"notion-asset-wrapper notion-asset-wrapper-embed notion-block-8f7d87769d5b400b9d0612d421fa4bd3\"><div style=\"position:relative;display:flex;justify-content:center;align-self:center;width:100%;max-width:100%;flex-direction:column;height:486.9886169433594px\"><iframe class=\"notion-asset-object-fit\" src=\"https://docs.tangly1024.com/zh\" title=\"iframe embed\" frameBorder=\"0\" allowfullscreen=\"\" loading=\"lazy\" scrolling=\"auto\"></iframe></div></figure><h3 class=\"notion-h notion-h2 notion-h-indent-1 notion-block-ad893d31a6b34959b4942ab58ed940e1\" data-id=\"ad893d31a6b34959b4942ab58ed940e1\"><span><div id=\"ad893d31a6b34959b4942ab58ed940e1\" class=\"notion-header-anchor\"></div><a class=\"notion-hash-link\" href=\"#ad893d31a6b34959b4942ab58ed940e1\" title=\"7.内嵌视频\"><svg viewBox=\"0 0 16 16\" width=\"16\" height=\"16\"><path fill-rule=\"evenodd\" d=\"M7.775 3.275a.75.75 0 001.06 1.06l1.25-1.25a2 2 0 112.83 2.83l-2.5 2.5a2 2 0 01-2.83 0 .75.75 0 00-1.06 1.06 3.5 3.5 0 004.95 0l2.5-2.5a3.5 3.5 0 00-4.95-4.95l-1.25 1.25zm-4.69 9.64a2 2 0 010-2.83l2.5-2.5a2 2 0 012.83 0 .75.75 0 001.06-1.06 3.5 3.5 0 00-4.95 0l-2.5 2.5a3.5 3.5 0 004.95 4.95l1.25-1.25a.75.75 0 00-1.06-1.06l-1.25 1.25a2 2 0 01-2.83 0z\"></path></svg></a><span class=\"notion-h-title\">7.内嵌视频</span></span></h3><figure class=\"notion-asset-wrapper notion-asset-wrapper-embed notion-block-63eb44103fbe40ae931a3399b232a5eb\"><div style=\"position:relative;display:flex;justify-content:center;align-self:center;width:624px;max-width:100%;flex-direction:column;height:376px\"><iframe class=\"notion-asset-object-fit\" src=\"https://player.bilibili.com/player.html?aid=1700928875\" title=\"iframe embed\" frameBorder=\"0\" allowfullscreen=\"\" loading=\"lazy\" scrolling=\"auto\"></iframe></div></figure><h3 class=\"notion-h notion-h2 notion-h-indent-1 notion-block-c31e3145851340749d46045cd21d8371\" data-id=\"c31e3145851340749d46045cd21d8371\"><span><div id=\"c31e3145851340749d46045cd21d8371\" class=\"notion-header-anchor\"></div><a class=\"notion-hash-link\" href=\"#c31e3145851340749d46045cd21d8371\" title=\"8.代办\"><svg viewBox=\"0 0 16 16\" width=\"16\" height=\"16\"><path fill-rule=\"evenodd\" d=\"M7.775 3.275a.75.75 0 001.06 1.06l1.25-1.25a2 2 0 112.83 2.83l-2.5 2.5a2 2 0 01-2.83 0 .75.75 0 00-1.06 1.06 3.5 3.5 0 004.95 0l2.5-2.5a3.5 3.5 0 00-4.95-4.95l-1.25 1.25zm-4.69 9.64a2 2 0 010-2.83l2.5-2.5a2 2 0 012.83 0 .75.75 0 001.06-1.06 3.5 3.5 0 00-4.95 0l-2.5 2.5a3.5 3.5 0 004.95 4.95l1.25-1.25a.75.75 0 00-1.06-1.06l-1.25 1.25a2 2 0 01-2.83 0z\"></path></svg></a><span class=\"notion-h-title\">8.代办</span></span></h3><div class=\"notion-row notion-block-cc370aa6c0864c4fafb4d2f40ed1f45a\"><div class=\"notion-column notion-block-a4eb553d55694a91a874e9ab11afd49e\" style=\"width:calc((100% - (1 * min(32px, 4vw))) * 0.5)\"><div class=\"notion-text notion-teal_background notion-block-5bdf78c6bc34438eac628bdaeed77faa\">家庭</div><div class=\"notion-to-do notion-block-e3e4d02592a04d27a61f4d012c18ccb1\"><div class=\"notion-to-do-item\"><span class=\"notion-property notion-property-checkbox\"><div class=\"notion-property-checkbox-unchecked\"></div></span><div class=\"notion-to-do-body\">洗衣</div></div><div class=\"notion-to-do-children\"></div></div><div class=\"notion-to-do notion-block-daf66c1cbf134272bbdb3f0f835678f8\"><div class=\"notion-to-do-item\"><span class=\"notion-property notion-property-checkbox\"><div class=\"notion-property-checkbox-unchecked\"></div></span><div class=\"notion-to-do-body\">做饭</div></div><div class=\"notion-to-do-children\"></div></div></div><div class=\"notion-spacer\"></div><div class=\"notion-column notion-block-7c7b61b9a9864249b7ce899829daec7e\" style=\"width:calc((100% - (1 * min(32px, 4vw))) * 0.5)\"><div class=\"notion-text notion-blue_background notion-block-d48e0e7f34394f37938de89942b74c06\">事业</div><div class=\"notion-to-do notion-block-1c48f39577354fc398b15ead83498a3d\"><div class=\"notion-to-do-item\"><span class=\"notion-property notion-property-checkbox\"><div class=\"notion-property-checkbox-unchecked\"></div></span><div class=\"notion-to-do-body\">开会</div></div><div class=\"notion-to-do-children\"></div></div><div class=\"notion-to-do notion-block-5847fa3d9d0048c4ae29ddef20c825e3\"><div class=\"notion-to-do-item\"><span class=\"notion-property notion-property-checkbox\"><div class=\"notion-property-checkbox-unchecked\"></div></span><div class=\"notion-to-do-body\">加班</div></div><div class=\"notion-to-do-children\"></div></div></div><div class=\"notion-spacer\"></div></div><h3 class=\"notion-h notion-h2 notion-h-indent-1 notion-block-f3e4c63c69734767845e9cb268b261b1\" data-id=\"f3e4c63c69734767845e9cb268b261b1\"><span><div id=\"f3e4c63c69734767845e9cb268b261b1\" class=\"notion-header-anchor\"></div><a class=\"notion-hash-link\" href=\"#f3e4c63c69734767845e9cb268b261b1\" title=\"9.折叠列表\"><svg viewBox=\"0 0 16 16\" width=\"16\" height=\"16\"><path fill-rule=\"evenodd\" d=\"M7.775 3.275a.75.75 0 001.06 1.06l1.25-1.25a2 2 0 112.83 2.83l-2.5 2.5a2 2 0 01-2.83 0 .75.75 0 00-1.06 1.06 3.5 3.5 0 004.95 0l2.5-2.5a3.5 3.5 0 00-4.95-4.95l-1.25 1.25zm-4.69 9.64a2 2 0 010-2.83l2.5-2.5a2 2 0 012.83 0 .75.75 0 001.06-1.06 3.5 3.5 0 00-4.95 0l-2.5 2.5a3.5 3.5 0 004.95 4.95l1.25-1.25a.75.75 0 00-1.06-1.06l-1.25 1.25a2 2 0 01-2.83 0z\"></path></svg></a><span class=\"notion-h-title\">9.折叠列表</span></span></h3><details class=\"notion-toggle notion-block-93e3bfd742004dc18b5402b0a1bac7bd\"><summary>点击展开</summary><div><details class=\"notion-toggle notion-block-28c5a2535d884e349950b47a917cf639\"><summary>点击展开</summary><div><details class=\"notion-toggle notion-block-c8606573282f4af0b6336380f782b59b\"><summary>点击展开</summary><div><div class=\"notion-text notion-block-7ff26be08a494f799f0ad45cdd88ca0b\">内容可以多级嵌套</div></div></details></div></details></div></details><hr class=\"notion-hr notion-block-508bd4524eb04509b6ec42a21281defd\"/><div class=\"notion-blank notion-block-e27309b9ce1a491aa599e7e5c7bfde9c\"> </div><h3 class=\"notion-h notion-h2 notion-h-indent-1 notion-block-f1c3526ef2e04ae48e997814d9a9fc5e\" data-id=\"f1c3526ef2e04ae48e997814d9a9fc5e\"><span><div id=\"f1c3526ef2e04ae48e997814d9a9fc5e\" class=\"notion-header-anchor\"></div><a class=\"notion-hash-link\" href=\"#f1c3526ef2e04ae48e997814d9a9fc5e\" title=\"10. 同步块 \"><svg viewBox=\"0 0 16 16\" width=\"16\" height=\"16\"><path fill-rule=\"evenodd\" d=\"M7.775 3.275a.75.75 0 001.06 1.06l1.25-1.25a2 2 0 112.83 2.83l-2.5 2.5a2 2 0 01-2.83 0 .75.75 0 00-1.06 1.06 3.5 3.5 0 004.95 0l2.5-2.5a3.5 3.5 0 00-4.95-4.95l-1.25 1.25zm-4.69 9.64a2 2 0 010-2.83l2.5-2.5a2 2 0 012.83 0 .75.75 0 001.06-1.06 3.5 3.5 0 00-4.95 0l-2.5 2.5a3.5 3.5 0 004.95 4.95l1.25-1.25a.75.75 0 00-1.06-1.06l-1.25 1.25a2 2 0 01-2.83 0z\"></path></svg></a><span class=\"notion-h-title\">10. 同步块 </span></span></h3><div class=\"notion-text notion-block-662df8f666454fc1b57244bfb0a61ee4\">Notion支持将不同页面的块进行同步，即 SyncBlock，以下是来自另一个页面的块：</div><div class=\"notion-sync-block notion-block-3badcfdc0adc4bdbbb1c1f59fc5e136b\"><div class=\"notion-text notion-block-e730cd029ecd4e05a145a7c563e76f4d\">【sync-block】这是一段来自示例文章-3的段落 ，通过 SyncBlock同步。</div></div><div class=\"notion-callout notion-gray_background_co notion-block-2ab49a318364422580df6939dee5aeda\"><div class=\"notion-page-icon-inline notion-page-icon-span\"><span class=\"notion-page-icon\" role=\"img\" aria-label=\"💡\">💡</span></div><div class=\"notion-callout-text\"><span class=\"notion-red_background\">注意</span> ： 同步块的使用条件是源页面也要被<b>开放共享</b> ，否则NotionNext将无权访问，页面上会被忽略渲染。<figure class=\"notion-asset-wrapper notion-asset-wrapper-image notion-block-0b521389b934410daae2a504336259bc\"><div style=\"position:relative;display:flex;justify-content:center;align-self:center;width:528px;max-width:100%;flex-direction:column\"><img style=\"object-fit:cover\" src=\"https://www.notion.so/image/https%3A%2F%2Fprod-files-secure.s3.us-west-2.amazonaws.com%2F8b46c29d-4454-4253-854c-e34a6438dcac%2Fe078a58d-d9a8-48ac-8489-34d9d71b03c8%2FUntitled.png?table=block&amp;id=0b521389-b934-410d-aae2-a504336259bc&amp;t=0b521389-b934-410d-aae2-a504336259bc&amp;width=528&amp;cache=v2\" alt=\"notion image\" loading=\"lazy\" decoding=\"async\"/></div></figure></div></div><div class=\"notion-blank notion-block-ee2ef9edae5e40cda18fb4b3fb6f9288\"> </div><h2 class=\"notion-h notion-h1 notion-h-indent-0 notion-block-dfd29e9d4de54584812261f82d9881e7\" data-id=\"dfd29e9d4de54584812261f82d9881e7\"><span><div id=\"dfd29e9d4de54584812261f82d9881e7\" class=\"notion-header-anchor\"></div><a class=\"notion-hash-link\" href=\"#dfd29e9d4de54584812261f82d9881e7\" title=\"11.多级目录\"><svg viewBox=\"0 0 16 16\" width=\"16\" height=\"16\"><path fill-rule=\"evenodd\" d=\"M7.775 3.275a.75.75 0 001.06 1.06l1.25-1.25a2 2 0 112.83 2.83l-2.5 2.5a2 2 0 01-2.83 0 .75.75 0 00-1.06 1.06 3.5 3.5 0 004.95 0l2.5-2.5a3.5 3.5 0 00-4.95-4.95l-1.25 1.25zm-4.69 9.64a2 2 0 010-2.83l2.5-2.5a2 2 0 012.83 0 .75.75 0 001.06-1.06 3.5 3.5 0 00-4.95 0l-2.5 2.5a3.5 3.5 0 004.95 4.95l1.25-1.25a.75.75 0 00-1.06-1.06l-1.25 1.25a2 2 0 01-2.83 0z\"></path></svg></a><span class=\"notion-h-title\">11.多级目录</span></span></h2><div class=\"notion-text notion-block-bdb3422d20344baf8f0715252a5a8dbe\">heading标题在博客中自动转为目录</div><div class=\"notion-row notion-block-86a463161a084a63810792ce7dca5f54\"><div class=\"notion-column notion-block-637aee2133ff4587bb42db43e742a54f\" style=\"width:calc((100% - (1 * min(32px, 4vw))) * 0.5)\"><h3 class=\"notion-h notion-h2 notion-block-f45b0fdcaeed4139806fa8ddaae3154a\" data-id=\"f45b0fdcaeed4139806fa8ddaae3154a\"><span><div id=\"f45b0fdcaeed4139806fa8ddaae3154a\" class=\"notion-header-anchor\"></div><a class=\"notion-hash-link\" href=\"#f45b0fdcaeed4139806fa8ddaae3154a\" title=\"二级目录1\"><svg viewBox=\"0 0 16 16\" width=\"16\" height=\"16\"><path fill-rule=\"evenodd\" d=\"M7.775 3.275a.75.75 0 001.06 1.06l1.25-1.25a2 2 0 112.83 2.83l-2.5 2.5a2 2 0 01-2.83 0 .75.75 0 00-1.06 1.06 3.5 3.5 0 004.95 0l2.5-2.5a3.5 3.5 0 00-4.95-4.95l-1.25 1.25zm-4.69 9.64a2 2 0 010-2.83l2.5-2.5a2 2 0 012.83 0 .75.75 0 001.06-1.06 3.5 3.5 0 00-4.95 0l-2.5 2.5a3.5 3.5 0 004.95 4.95l1.25-1.25a.75.75 0 00-1.06-1.06l-1.25 1.25a2 2 0 01-2.83 0z\"></path></svg></a><span class=\"notion-h-title\">二级目录1</span></span></h3><div class=\"notion-text notion-block-526af83462094ebb979cbe2c04d15f3f\">二级内容 1</div></div><div class=\"notion-spacer\"></div><div class=\"notion-column notion-block-29ebdc76ff2e48cb92f89ac50843583e\" style=\"width:calc((100% - (1 * min(32px, 4vw))) * 0.5)\"><h3 class=\"notion-h notion-h2 notion-block-881306c21a074f63bd3de4fec4057ab1\" data-id=\"881306c21a074f63bd3de4fec4057ab1\"><span><div id=\"881306c21a074f63bd3de4fec4057ab1\" class=\"notion-header-anchor\"></div><a class=\"notion-hash-link\" href=\"#881306c21a074f63bd3de4fec4057ab1\" title=\"二级目录2\"><svg viewBox=\"0 0 16 16\" width=\"16\" height=\"16\"><path fill-rule=\"evenodd\" d=\"M7.775 3.275a.75.75 0 001.06 1.06l1.25-1.25a2 2 0 112.83 2.83l-2.5 2.5a2 2 0 01-2.83 0 .75.75 0 00-1.06 1.06 3.5 3.5 0 004.95 0l2.5-2.5a3.5 3.5 0 00-4.95-4.95l-1.25 1.25zm-4.69 9.64a2 2 0 010-2.83l2.5-2.5a2 2 0 012.83 0 .75.75 0 001.06-1.06 3.5 3.5 0 00-4.95 0l-2.5 2.5a3.5 3.5 0 004.95 4.95l1.25-1.25a.75.75 0 00-1.06-1.06l-1.25 1.25a2 2 0 01-2.83 0z\"></path></svg></a><span class=\"notion-h-title\">二级目录2</span></span></h3><div class=\"notion-text notion-block-d756abd41a1a4101894bd55d73b21ff4\">二级内容2</div></div><div class=\"notion-spacer\"></div></div><h3 class=\"notion-h notion-h2 notion-h-indent-1 notion-block-93b3b92d0d36478c8a6a3ed7619efb3b\" data-id=\"93b3b92d0d36478c8a6a3ed7619efb3b\"><span><div id=\"93b3b92d0d36478c8a6a3ed7619efb3b\" class=\"notion-header-anchor\"></div><a class=\"notion-hash-link\" href=\"#93b3b92d0d36478c8a6a3ed7619efb3b\" title=\"二级目录3\"><svg viewBox=\"0 0 16 16\" width=\"16\" height=\"16\"><path fill-rule=\"evenodd\" d=\"M7.775 3.275a.75.75 0 001.06 1.06l1.25-1.25a2 2 0 112.83 2.83l-2.5 2.5a2 2 0 01-2.83 0 .75.75 0 00-1.06 1.06 3.5 3.5 0 004.95 0l2.5-2.5a3.5 3.5 0 00-4.95-4.95l-1.25 1.25zm-4.69 9.64a2 2 0 010-2.83l2.5-2.5a2 2 0 012.83 0 .75.75 0 001.06-1.06 3.5 3.5 0 00-4.95 0l-2.5 2.5a3.5 3.5 0 004.95 4.95l1.25-1.25a.75.75 0 00-1.06-1.06l-1.25 1.25a2 2 0 01-2.83 0z\"></path></svg></a><span class=\"notion-h-title\">二级目录3</span></span></h3><div class=\"notion-row notion-block-0799272a7ae947328cd320827b7bd922\"><div class=\"notion-column notion-block-c810bac493e84d649e8d011ba1785627\" style=\"width:calc((100% - (1 * min(32px, 4vw))) * 0.5)\"><h4 class=\"notion-h notion-h3 notion-block-0a7aeb22f7434a8ba7158d3eff29c4ec\" data-id=\"0a7aeb22f7434a8ba7158d3eff29c4ec\"><span><div id=\"0a7aeb22f7434a8ba7158d3eff29c4ec\" class=\"notion-header-anchor\"></div><a class=\"notion-hash-link\" href=\"#0a7aeb22f7434a8ba7158d3eff29c4ec\" title=\"三级目录3.1\"><svg viewBox=\"0 0 16 16\" width=\"16\" height=\"16\"><path fill-rule=\"evenodd\" d=\"M7.775 3.275a.75.75 0 001.06 1.06l1.25-1.25a2 2 0 112.83 2.83l-2.5 2.5a2 2 0 01-2.83 0 .75.75 0 00-1.06 1.06 3.5 3.5 0 004.95 0l2.5-2.5a3.5 3.5 0 00-4.95-4.95l-1.25 1.25zm-4.69 9.64a2 2 0 010-2.83l2.5-2.5a2 2 0 012.83 0 .75.75 0 001.06-1.06 3.5 3.5 0 00-4.95 0l-2.5 2.5a3.5 3.5 0 004.95 4.95l1.25-1.25a.75.75 0 00-1.06-1.06l-1.25 1.25a2 2 0 01-2.83 0z\"></path></svg></a><span class=\"notion-h-title\">三级目录3.1</span></span></h4><div class=\"notion-text notion-block-584974c8859448bf93262bce471daee5\">不同级别的heading代表不同级别的目录</div></div><div class=\"notion-spacer\"></div><div class=\"notion-column notion-block-9e1bcc4ef22d4dc3b73e23daa35e513d\" style=\"width:calc((100% - (1 * min(32px, 4vw))) * 0.5)\"><h4 class=\"notion-h notion-h3 notion-block-7d4ab0851bcb46c39a7ac98f944d0ee2\" data-id=\"7d4ab0851bcb46c39a7ac98f944d0ee2\"><span><div id=\"7d4ab0851bcb46c39a7ac98f944d0ee2\" class=\"notion-header-anchor\"></div><a class=\"notion-hash-link\" href=\"#7d4ab0851bcb46c39a7ac98f944d0ee2\" title=\"三级目录3.2\"><svg viewBox=\"0 0 16 16\" width=\"16\" height=\"16\"><path fill-rule=\"evenodd\" d=\"M7.775 3.275a.75.75 0 001.06 1.06l1.25-1.25a2 2 0 112.83 2.83l-2.5 2.5a2 2 0 01-2.83 0 .75.75 0 00-1.06 1.06 3.5 3.5 0 004.95 0l2.5-2.5a3.5 3.5 0 00-4.95-4.95l-1.25 1.25zm-4.69 9.64a2 2 0 010-2.83l2.5-2.5a2 2 0 012.83 0 .75.75 0 001.06-1.06 3.5 3.5 0 00-4.95 0l-2.5 2.5a3.5 3.5 0 004.95 4.95l1.25-1.25a.75.75 0 00-1.06-1.06l-1.25 1.25a2 2 0 01-2.83 0z\"></path></svg></a><span class=\"notion-h-title\">三级目录3.2</span></span></h4><div class=\"notion-text notion-block-60b153e861a94a04a0d4a0c72a509f56\">高一级目录嵌套低一级目录</div></div><div class=\"notion-spacer\"></div></div><h3 class=\"notion-h notion-h2 notion-h-indent-1 notion-block-f34eceaddaf244ada303830f2a26e5c6\" data-id=\"f34eceaddaf244ada303830f2a26e5c6\"><span><div id=\"f34eceaddaf244ada303830f2a26e5c6\" class=\"notion-header-anchor\"></div><a class=\"notion-hash-link\" href=\"#f34eceaddaf244ada303830f2a26e5c6\" title=\"多级列表\"><svg viewBox=\"0 0 16 16\" width=\"16\" height=\"16\"><path fill-rule=\"evenodd\" d=\"M7.775 3.275a.75.75 0 001.06 1.06l1.25-1.25a2 2 0 112.83 2.83l-2.5 2.5a2 2 0 01-2.83 0 .75.75 0 00-1.06 1.06 3.5 3.5 0 004.95 0l2.5-2.5a3.5 3.5 0 00-4.95-4.95l-1.25 1.25zm-4.69 9.64a2 2 0 010-2.83l2.5-2.5a2 2 0 012.83 0 .75.75 0 001.06-1.06 3.5 3.5 0 00-4.95 0l-2.5 2.5a3.5 3.5 0 004.95 4.95l1.25-1.25a.75.75 0 00-1.06-1.06l-1.25 1.25a2 2 0 01-2.83 0z\"></path></svg></a><span class=\"notion-h-title\">多级列表</span></span></h3><ul class=\"notion-list notion-list-disc notion-block-eaecdadf652e4356af469dfb9a743f49\"><li>事物的必然性</li></ul><ol start=\"1\" class=\"notion-list notion-list-numbered notion-block-e703733b5f04465da36d77a572f41574\"><li>事物按规律变化，也有一种不可避免的性质．这种性质就叫做<b>必然性</b></li><ol class=\"notion-list notion-list-numbered notion-block-e703733b5f04465da36d77a572f41574\"><li>事物的必然性，是事物本身的性质（我们反对宿命论的是其认为这一切是受神明的支配，而不是反对事物发展中存在的不可避免的性质的事实）</li><ol class=\"notion-list notion-list-numbered notion-block-0d33dbbdeed94ba7b579d398a5201c2c\"><li>第三级别列表</li><li>第三级别列表</li></ol><li>其决定于它自己本身发展的情况和周围的条件</li><ol class=\"notion-list notion-list-numbered notion-block-7be99db0c49d4563b76ad8b79a5694e6\"><li>第三级别列表</li><ol class=\"notion-list notion-list-numbered notion-block-a6c149fdc657499080799cf8b09d0c15\"><li>第三级别列表</li></ol></ol></ol></ol><h2 class=\"notion-h notion-h1 notion-h-indent-0 notion-block-03906f9e6bc34b83aabf000902595ccc\" data-id=\"03906f9e6bc34b83aabf000902595ccc\"><span><div id=\"03906f9e6bc34b83aabf000902595ccc\" class=\"notion-header-anchor\"></div><a class=\"notion-hash-link\" href=\"#03906f9e6bc34b83aabf000902595ccc\" title=\"模板使用说明\"><svg viewBox=\"0 0 16 16\" width=\"16\" height=\"16\"><path fill-rule=\"evenodd\" d=\"M7.775 3.275a.75.75 0 001.06 1.06l1.25-1.25a2 2 0 112.83 2.83l-2.5 2.5a2 2 0 01-2.83 0 .75.75 0 00-1.06 1.06 3.5 3.5 0 004.95 0l2.5-2.5a3.5 3.5 0 00-4.95-4.95l-1.25 1.25zm-4.69 9.64a2 2 0 010-2.83l2.5-2.5a2 2 0 012.83 0 .75.75 0 001.06-1.06 3.5 3.5 0 00-4.95 0l-2.5 2.5a3.5 3.5 0 004.95 4.95l1.25-1.25a.75.75 0 00-1.06-1.06l-1.25 1.25a2 2 0 01-2.83 0z\"></path></svg></a><span class=\"notion-h-title\">模板使用说明</span></span></h2><div class=\"notion-text notion-block-150d5fe2f7484203a8de625d332a33ab\">若要部署你的NotionNext项目，请复制该模板，并按照模板格式创建文章：</div><div class=\"notion-row\"><a target=\"_blank\" rel=\"noopener noreferrer\" class=\"notion-bookmark notion-block-1dce4ed10aec42ebb5658929d6d1fba5\" href=\"https://tanghh.notion.site/02ab3b8678004aa69e9e415905ef32a5?v=b7eb215720224ca5827bfaa5ef82cf2d\"><div><div class=\"notion-bookmark-title\">NOTION BLOG</div><div class=\"notion-bookmark-description\">演示站点描述</div><div class=\"notion-bookmark-link\"><div class=\"notion-bookmark-link-text\">https://tanghh.notion.site/02ab3b8678004aa69e9e415905ef32a5?v=b7eb215720224ca5827bfaa5ef82cf2d</div></div></div><div class=\"notion-bookmark-image\"><img style=\"object-fit:cover\" src=\"https://www.notion.so/image/https%3A%2F%2Ftanghh.notion.site%2Fimage%2Fhttps%253A%252F%252Fp1.qhimg.com%252Fbdm%252F1600_900_100%252Ft01e66d486b8e826270.jpg%3Ftable%3Dcollection%26id%3D4379bc14-5d22-453b-a153-12639616fc01%26spaceId%3D6c096b44-beb9-48ee-8f92-1efdde47f3a3%26width%3D2000%26userId%3D%26cache%3Dv2?table=block&amp;id=1dce4ed1-0aec-42eb-b565-8929d6d1fba5&amp;t=1dce4ed1-0aec-42eb-b565-8929d6d1fba5\" alt=\"NOTION BLOG\" loading=\"lazy\" decoding=\"async\"/></div></a></div><div class=\"notion-text notion-block-5d4d311e118f4b7ba8eed1b4b5633583\">Notion页面中，每篇文章都将有以下属性🤔：</div><table class=\"notion-simple-table notion-block-6e722d65eeaf462daa1b67428f2a9e78\"><tbody><tr class=\"notion-simple-table-row notion-block-c9bc6f1a3a4c4bb9895fe924ef58630e\"><td class=\"\" style=\"width:148px\"><div class=\"notion-simple-table-cell\">属性</div></td><td class=\"\" style=\"width:77.00000762939453px\"><div class=\"notion-simple-table-cell\">必填</div></td><td class=\"\" style=\"width:239.00001525878906px\"><div class=\"notion-simple-table-cell\">说明</div></td><td class=\"\" style=\"width:315.66668701171875px\"><div class=\"notion-simple-table-cell\">备注</div></td></tr><tr class=\"notion-simple-table-row notion-block-d61b16cfb6194e60978619c9b3854496\"><td class=\"\" style=\"width:148px\"><div class=\"notion-simple-table-cell\"><code class=\"notion-inline-code\">title</code></div></td><td class=\"\" style=\"width:77.00000762939453px\"><div class=\"notion-simple-table-cell\"> 是</div></td><td class=\"\" style=\"width:239.00001525878906px\"><div class=\"notion-simple-table-cell\"> 文章标题</div></td><td class=\"\" style=\"width:315.66668701171875px\"><div class=\"notion-simple-table-cell\">ㅤ</div></td></tr><tr class=\"notion-simple-table-row notion-block-16053fe0e67e4086a4cffe1d604fa7bc\"><td class=\"\" style=\"width:148px\"><div class=\"notion-simple-table-cell\"><code class=\"notion-inline-code\">status</code></div></td><td class=\"\" style=\"width:77.00000762939453px\"><div class=\"notion-simple-table-cell\">是</div></td><td class=\"\" style=\"width:239.00001525878906px\"><div class=\"notion-simple-table-cell\">发布状态</div></td><td class=\"\" style=\"width:315.66668701171875px\"><div class=\"notion-simple-table-cell\">（仅当状态为<code class=\"notion-inline-code\">Published</code> 时会被 展示）</div></td></tr><tr class=\"notion-simple-table-row notion-block-334f675b9bbc4d4c85b5e4ef907e895b\"><td class=\"\" style=\"width:148px\"><div class=\"notion-simple-table-cell\"><code class=\"notion-inline-code\">type</code></div></td><td class=\"\" style=\"width:77.00000762939453px\"><div class=\"notion-simple-table-cell\">是</div></td><td class=\"\" style=\"width:239.00001525878906px\"><div class=\"notion-simple-table-cell\">页面类型 (博文<code class=\"notion-inline-code\">Post</code> / 单页(<code class=\"notion-inline-code\">Page</code>)</div></td><td class=\"\" style=\"width:315.66668701171875px\"><div class=\"notion-simple-table-cell\">单页不会在博文列表显示 。</div></td></tr><tr class=\"notion-simple-table-row notion-block-86b32ac5cdca48528430f4053058c200\"><td class=\"\" style=\"width:148px\"><div class=\"notion-simple-table-cell\"><code class=\"notion-inline-code\">summary</code></div></td><td class=\"\" style=\"width:77.00000762939453px\"><div class=\"notion-simple-table-cell\">否</div></td><td class=\"\" style=\"width:239.00001525878906px\"><div class=\"notion-simple-table-cell\">内容摘要</div></td><td class=\"\" style=\"width:315.66668701171875px\"><div class=\"notion-simple-table-cell\">搜索和简略显示会用到</div></td></tr><tr class=\"notion-simple-table-row notion-block-0d666d97ca864e5983eeb2601aa0ea7e\"><td class=\"\" style=\"width:148px\"><div class=\"notion-simple-table-cell\"><code class=\"notion-inline-code\">date</code></div></td><td class=\"\" style=\"width:77.00000762939453px\"><div class=\"notion-simple-table-cell\">否</div></td><td class=\"\" style=\"width:239.00001525878906px\"><div class=\"notion-simple-table-cell\">发布日期</div></td><td class=\"\" style=\"width:315.66668701171875px\"><div class=\"notion-simple-table-cell\">在V3.3.9之前的版本此项为必填。</div></td></tr><tr class=\"notion-simple-table-row notion-block-104f5558790944fd800483f9da345a1e\"><td class=\"\" style=\"width:148px\"><div class=\"notion-simple-table-cell\"><code class=\"notion-inline-code\">category</code></div></td><td class=\"\" style=\"width:77.00000762939453px\"><div class=\"notion-simple-table-cell\">否</div></td><td class=\"\" style=\"width:239.00001525878906px\"><div class=\"notion-simple-table-cell\">文章分类</div></td><td class=\"\" style=\"width:315.66668701171875px\"><div class=\"notion-simple-table-cell\">可以自定义</div></td></tr><tr class=\"notion-simple-table-row notion-block-40603373ac314b908088496ec5beec64\"><td class=\"\" style=\"width:148px\"><div class=\"notion-simple-table-cell\"><code class=\"notion-inline-code\">tags</code></div></td><td class=\"\" style=\"width:77.00000762939453px\"><div class=\"notion-simple-table-cell\">否</div></td><td class=\"\" style=\"width:239.00001525878906px\"><div class=\"notion-simple-table-cell\">文章标签</div></td><td class=\"\" style=\"width:315.66668701171875px\"><div class=\"notion-simple-table-cell\">可多个，建议不要太多</div></td></tr><tr class=\"notion-simple-table-row notion-block-eca7a387c9d3473da0fb11246e18dc7c\"><td class=\"\" style=\"width:148px\"><div class=\"notion-simple-table-cell\"><code class=\"notion-inline-code\">slug</code></div></td><td class=\"\" style=\"width:77.00000762939453px\"><div class=\"notion-simple-table-cell\">否</div></td><td class=\"\" style=\"width:239.00001525878906px\"><div class=\"notion-simple-table-cell\">文章短路径</div></td><td class=\"\" style=\"width:315.66668701171875px\"><div class=\"notion-simple-table-cell\"> (每篇文章唯一，请勿 重复）</div></td></tr><tr class=\"notion-simple-table-row notion-block-94386dbc1a304ec49b807d56153442d6\"><td class=\"\" style=\"width:148px\"><div class=\"notion-simple-table-cell\"><code class=\"notion-inline-code\">icon</code></div></td><td class=\"\" style=\"width:77.00000762939453px\"><div class=\"notion-simple-table-cell\">否</div></td><td class=\"\" style=\"width:239.00001525878906px\"><div class=\"notion-simple-table-cell\">菜单栏图标(仅当<code class=\"notion-inline-code\">Page</code>类型有效)</div></td><td class=\"\" style=\"width:315.66668701171875px\"><div class=\"notion-simple-table-cell\">可以参考：<a target=\"_blank\" rel=\"noopener noreferrer\" class=\"notion-link\" href=\"https://fontawesome.com/v6/search\">图标库地址</a></div></td></tr><tr class=\"notion-simple-table-row notion-block-538da28669564962ac0e507881ab7980\"><td class=\"\" style=\"width:148px\"><div class=\"notion-simple-table-cell\"><code class=\"notion-inline-code\">password</code></div></td><td class=\"\" style=\"width:77.00000762939453px\"><div class=\"notion-simple-table-cell\"> 否</div></td><td class=\"\" style=\"width:239.00001525878906px\"><div class=\"notion-simple-table-cell\"> 文章加锁</div></td><td class=\"\" style=\"width:315.66668701171875px\"><div class=\"notion-simple-table-cell\"> 需要输入密码才允许访问</div></td></tr></tbody></table><h2 class=\"notion-h notion-h1 notion-h-indent-0 notion-block-574bda143b1f4873aff7c64f8a849677\" data-id=\"574bda143b1f4873aff7c64f8a849677\"><span><div id=\"574bda143b1f4873aff7c64f8a849677\" class=\"notion-header-anchor\"></div><a class=\"notion-hash-link\" href=\"#574bda143b1f4873aff7c64f8a849677\" title=\"评论插件\"><svg viewBox=\"0 0 16 16\" width=\"16\" height=\"16\"><path fill-rule=\"evenodd\" d=\"M7.775 3.275a.75.75 0 001.06 1.06l1.25-1.25a2 2 0 112.83 2.83l-2.5 2.5a2 2 0 01-2.83 0 .75.75 0 00-1.06 1.06 3.5 3.5 0 004.95 0l2.5-2.5a3.5 3.5 0 00-4.95-4.95l-1.25 1.25zm-4.69 9.64a2 2 0 010-2.83l2.5-2.5a2 2 0 012.83 0 .75.75 0 001.06-1.06 3.5 3.5 0 00-4.95 0l-2.5 2.5a3.5 3.5 0 004.95 4.95l1.25-1.25a.75.75 0 00-1.06-1.06l-1.25 1.25a2 2 0 01-2.83 0z\"></path></svg></a><span class=\"notion-h-title\">评论插件</span></span></h2><div class=\"notion-text notion-block-016989c8b9194e7b987dc55bd1a789ad\">系统支持 Waline\\Giscus\\Valine\\GitTalk\\Utterance\\Cusdis\\Twikoo六种评论插件，并且可以同时开启，点击评论区的Tab来体验。</div><div class=\"notion-text notion-block-0c2c2831490c4600806546f54b6e6f71\">按照以下教程可以开启响应的评论插件</div><div class=\"notion-row\"><a target=\"_blank\" rel=\"noopener noreferrer\" class=\"notion-bookmark notion-block-bb6a3bfc97e14a24afd789ff91547d21\" href=\"https://tangly1024.com/article/notionnext-twikoo\"><div><div class=\"notion-bookmark-title\">NotionNext配置评论插件Twikoo | TANGLY&#x27;s BLOG</div><div class=\"notion-bookmark-description\">一个简洁、安全、免费的静态网站评论系统，基于 腾讯云开发 。 经评论区网友推荐，我开始使用 Twikoo，一番体验，发现Twikoo真的很强大，目前我决定用它作为主要评论插件。 twikoo支持在页面上直接管理评论、配置插件，非常强大 在最新版本中 NotionNext已经 支持该评论插件，配置 方法很简单： 在Vercel后台添加一个环境变量 NEXT_PUBLIC_COMMENT_ENV_ID ; 值为您部署好的 twikoo 后台地址。以我的举例： 借助vercel，您可以非常快速地部署自己的twikoo后台，用于储存评论数据。 twikoo的后台数据存储是基于MongoDB数据库的，我们可以先注册创建一个免费的在线MongoDB数据库。 创建MongoDB数据库 1.注册账号 创建数据库 这里下方要设置一个允许访问该数据库的IP地址，推荐设置0.0.0.0，即所有地址都允许访问，毕竟我也不知道自己会用什么ip访问这个数据库。 2.获取数据库连接地址 Vercel一键部署 点击Create将twikoo的代码拷入您的仓库 配置MongoDB数据库地址 添加一个配置 MONGODB_URI 环境变量即可，其值为上一步获得的MongoDB连接地址，注意将链接中MONGODB的密码 替换成您设置的。 上述部署完成后，您将获得一个vercel的twikoo后台页面，您可以选择像我一样映射成二级域名 将您的twikoo后台地址配置在NotionNext的后台，并redeploy即可。 到此完成~ 点击右下角的小齿轮即可配置您的管理员密码、并进行更多的功能设置。赶快体验吧~ 可以访问官方文档获取安装部署帮助，并且查看Twikoo的更多特性。 NotionNext支持多种评论插件，可访问以下文章获得帮助：</div><div class=\"notion-bookmark-link\"><div class=\"notion-bookmark-link-icon\"><img src=\"https://www.notion.so/image/https%3A%2F%2Ftangly1024.com%2Ffavicon.ico?table=block&amp;id=bb6a3bfc-97e1-4a24-afd7-89ff91547d21&amp;t=bb6a3bfc-97e1-4a24-afd7-89ff91547d21\" alt=\"NotionNext配置评论插件Twikoo | TANGLY&#x27;s BLOG\" loading=\"lazy\" decoding=\"async\"/></div><div class=\"notion-bookmark-link-text\">https://tangly1024.com/article/notionnext-twikoo</div></div></div><div class=\"notion-bookmark-image\"><img style=\"object-fit:cover\" src=\"https://www.notion.so/image/https%3A%2F%2Fimages.unsplash.com%2Fphoto-1564419320603-628d868a193f%3Fixlib%3Drb-4.0.3%26q%3D80%26fm%3Djpg%26crop%3Dentropy%26cs%3Dtinysrgb?table=block&amp;id=bb6a3bfc-97e1-4a24-afd7-89ff91547d21&amp;t=bb6a3bfc-97e1-4a24-afd7-89ff91547d21\" alt=\"NotionNext配置评论插件Twikoo | TANGLY&#x27;s BLOG\" loading=\"lazy\" decoding=\"async\"/></div></a></div><div class=\"notion-row\"><a target=\"_blank\" rel=\"noopener noreferrer\" class=\"notion-bookmark notion-block-44a60c561fbf418ca4f075f94a5a9a07\" href=\"https://tangly1024.com/article/notion-next-comment-plugin\"><div><div class=\"notion-bookmark-title\">NotionNext如何添加评论插件 | TANGLY&#x27;s BLOG</div><div class=\"notion-bookmark-description\">NotionNext支持多种评论插件，其中体验比较好的我个人觉得是Twikoo，您可以参考以下教程进行配置安装： 您也可以选择Valine/Waline，关于Valine/Waline的部署可以访问此篇文章： Utterance 、 Giscus 、Gitalk 其中部署最便捷的当属 Cusdis 和 Utterance 这两个插件。您可以任选一个部署，当然，您也可以选择同时部署多个。 完成效果预览 点击Start for free ，并用Github登录即可 Sign in With Github (点击查看截图) [可选] 配置邮件通知地址，以便收到新评论时邮件通知您，（点击展开截图） 点击Embed Code获取您的应用ID，即data-app-id, 复制这串id备用。 在Vercel后台添加一个环境变量 NEXT_PUBLIC_COMMENT_CUSDIS_APP_ID，值为上面获取到的data-app-id。 完成预览效果 在您的Github中创建一个开源项目用于存放评论 在github中安装utterance插件 允许utterance访问所有仓库，并勾选install，可以只勾选作为评论用的仓库地址。 将用作评论仓库名添加到Vercel添加环境变量 后台 settings→ environment variables → 添加 → save 即可。如下图： 注意， 仓库名的格式是 [您的用户名/您的仓库名] 如下示例 完成预览效果 在您的Github中创建一个开源项目用于存放评论 创建一个授权秘钥，并保存您的ClientID与ClientSecret Authorization callback URL 填写您网站域名 填写配置的效果 ，点击 register application 即可创建。 点击 Generate a new client secret 生成您的密码 复制 Client ID和刚生成的 Client secret （对应图中2和3）备用。 在Vercel后台配置环境变量 NEXT_PUBLIC_COMMENT_GITALK_CLIENT_ID NEXT_PUBLIC_COMMENT_GITALK_CLIENT_SECRET NEXT_PUBLIC_COMMENT_GITALK_CLIENT_ID NEXT_PUBLIC_COMMENT_GITALK_CLIENT_SECRET 项目会在您的Github项目讨论区创建评论数据，便于维护管理 , 完成效果 预览 您可以在Github的Discusstion讨论区随时管理评论。 在您的Github中创建一个开源项目用于存放评论 在项目Setting中开启discussion功能 在Github中安装giscus应用 点击右上方的Install即可，并确认 允许访问仓库数据权限： 默认勾选All repositories即可。也可以只勾选用作评论的仓库，（后续还可以再回来配置） 访问Giscus填写并获取您的Giscus配置参数 主要配置输入您的仓库名，并选择 Discussion分类为 Announcements .</div><div class=\"notion-bookmark-link\"><div class=\"notion-bookmark-link-icon\"><img src=\"https://www.notion.so/image/https%3A%2F%2Ftangly1024.com%2Ffavicon.ico?table=block&amp;id=44a60c56-1fbf-418c-a4f0-75f94a5a9a07&amp;t=44a60c56-1fbf-418c-a4f0-75f94a5a9a07\" alt=\"NotionNext如何添加评论插件 | TANGLY&#x27;s BLOG\" loading=\"lazy\" decoding=\"async\"/></div><div class=\"notion-bookmark-link-text\">https://tangly1024.com/article/notion-next-comment-plugin</div></div></div><div class=\"notion-bookmark-image\"><img style=\"object-fit:cover\" src=\"https://www.notion.so/image/https%3A%2F%2Ftangly1024.com%2Fbg_image.jpg?table=block&amp;id=44a60c56-1fbf-418c-a4f0-75f94a5a9a07&amp;t=44a60c56-1fbf-418c-a4f0-75f94a5a9a07\" alt=\"NotionNext如何添加评论插件 | TANGLY&#x27;s BLOG\" loading=\"lazy\" decoding=\"async\"/></div></a></div><div class=\"notion-row\"><a target=\"_blank\" rel=\"noopener noreferrer\" class=\"notion-bookmark notion-block-4a8975e3378b420d8e5f90c2e43ce351\" href=\"https://tangly1024.com/article/notionnext-valine\"><div><div class=\"notion-bookmark-title\">NotionNext配置Valine/Waline评论插件 | TANGLY&#x27;s BLOG</div><div class=\"notion-bookmark-description\">Valine插件需要LeanCloud后端提供数据库存储功能，请按照以下步骤配置。 而Waline 的前置步骤和Valine基本一致，只是多了一个部署Waline的Vercel服务步骤。由于Waline配置了完善的后台管理功能，所以使用Waline就不需要再配合Admin-Valine项目运行。 应用创建好以后，进入刚刚创建的应用，选择左下角的 设置&gt; 应用Key，然后就能看到你的 APP ID和 APP Key 了： 为了你的数据安全，请设置自己的 安全域名 ：只有以下设置的域名，才允许访问你的valine数据 支持的Valine配置在NotionNext项目的blog.config.js 中，请在Vercel后台的环境变量中配置： serverURLs在应用内部会尝试自动获取，如果发现获取失败，请手动提供 刚刚创建的应用，选择左下角的 设置&gt; 应用Key，找到 Request 域名 第一行 需要在akismet中注册账号并获取免费的key： https://akismet.com/account ，并在LeanCloud中配置 AKISMET_KEY 变量 参考官方文档，在你的Vercel上部署一个valine应用。而后在你的NotionNext环境变量中添加你的waline服务地址环境变量： NEXT_PUBLIC_WALINE_SERVER_URL 即可生效。</div><div class=\"notion-bookmark-link\"><div class=\"notion-bookmark-link-icon\"><img src=\"https://www.notion.so/image/https%3A%2F%2Ftangly1024.com%2Ffavicon.ico?table=block&amp;id=4a8975e3-378b-420d-8e5f-90c2e43ce351&amp;t=4a8975e3-378b-420d-8e5f-90c2e43ce351\" alt=\"NotionNext配置Valine/Waline评论插件 | TANGLY&#x27;s BLOG\" loading=\"lazy\" decoding=\"async\"/></div><div class=\"notion-bookmark-link-text\">https://tangly1024.com/article/notionnext-valine</div></div></div><div class=\"notion-bookmark-image\"><img style=\"object-fit:cover\" src=\"https://www.notion.so/image/https%3A%2F%2Fs3-us-west-2.amazonaws.com%2Fsecure.notion-static.com%2F10eb466a-599b-4513-bcbf-2331cf88078d%2Fpexels-photo-546819.webp?table=block&amp;id=bee1fccf-a3bd-47a1-a7be-83cc71372d83&amp;cache=v2&amp;t=4a8975e3-378b-420d-8e5f-90c2e43ce351&amp;width=800\" alt=\"NotionNext配置Valine/Waline评论插件 | TANGLY&#x27;s BLOG\" loading=\"lazy\" decoding=\"async\"/></div></a></div><div class=\"notion-blank notion-block-dba2369c5ab44c91946bf76ffe157b1c\"> </div><div class=\"notion-file notion-block-2bf6459b74fd433d8fb47e4bb105a2f8\"><a target=\"_blank\" rel=\"noopener noreferrer\" class=\"notion-file-link\" href=\"https://notion.so/signed/https%3A%2F%2Fprod-files-secure.s3.us-west-2.amazonaws.com%2F8b46c29d-4454-4253-854c-e34a6438dcac%2F20ecd1ff-e4de-4471-b86f-6f14ec891fc0%2F%25E6%25B5%258B%25E8%25AF%2595%25E5%25B5%258C%25E5%2585%25A5PDF.pdf?table=block&amp;id=2bf6459b-74fd-433d-8fb4-7e4bb105a2f8\"><svg class=\"notion-file-icon\" viewBox=\"0 0 30 30\"><path d=\"M22,8v12c0,3.866-3.134,7-7,7s-7-3.134-7-7V8c0-2.762,2.238-5,5-5s5,2.238,5,5v12c0,1.657-1.343,3-3,3s-3-1.343-3-3V8h-2v12c0,2.762,2.238,5,5,5s5-2.238,5-5V8c0-3.866-3.134-7-7-7S6,4.134,6,8v12c0,4.971,4.029,9,9,9s9-4.029,9-9V8H22z\"></path></svg><div class=\"notion-file-info\"><div class=\"notion-file-title\">测试嵌入PDF.pdf</div><div class=\"notion-file-size\">469.5KB</div></div></a></div><h2 class=\"notion-h notion-h1 notion-h-indent-0 notion-block-9872a4b6e499490085984a142991a4c9\" data-id=\"9872a4b6e499490085984a142991a4c9\"><span><div id=\"9872a4b6e499490085984a142991a4c9\" class=\"notion-header-anchor\"></div><a class=\"notion-hash-link\" href=\"#9872a4b6e499490085984a142991a4c9\" title=\"引用文献\"><svg viewBox=\"0 0 16 16\" width=\"16\" height=\"16\"><path fill-rule=\"evenodd\" d=\"M7.775 3.275a.75.75 0 001.06 1.06l1.25-1.25a2 2 0 112.83 2.83l-2.5 2.5a2 2 0 01-2.83 0 .75.75 0 00-1.06 1.06 3.5 3.5 0 004.95 0l2.5-2.5a3.5 3.5 0 00-4.95-4.95l-1.25 1.25zm-4.69 9.64a2 2 0 010-2.83l2.5-2.5a2 2 0 012.83 0 .75.75 0 001.06-1.06 3.5 3.5 0 00-4.95 0l-2.5 2.5a3.5 3.5 0 004.95 4.95l1.25-1.25a.75.75 0 00-1.06-1.06l-1.25 1.25a2 2 0 01-2.83 0z\"></path></svg></a><span class=\"notion-h-title\">引用文献</span></span></h2><h4 class=\"notion-h notion-h3 notion-h-indent-1 notion-block-16e6b2c894104b479f9cdd385d7e7967\" data-id=\"16e6b2c894104b479f9cdd385d7e7967\"><span><div id=\"16e6b2c894104b479f9cdd385d7e7967\" class=\"notion-header-anchor\"></div><a class=\"notion-hash-link\" href=\"#16e6b2c894104b479f9cdd385d7e7967\" title=\"1. 关于李白\"><svg viewBox=\"0 0 16 16\" width=\"16\" height=\"16\"><path fill-rule=\"evenodd\" d=\"M7.775 3.275a.75.75 0 001.06 1.06l1.25-1.25a2 2 0 112.83 2.83l-2.5 2.5a2 2 0 01-2.83 0 .75.75 0 00-1.06 1.06 3.5 3.5 0 004.95 0l2.5-2.5a3.5 3.5 0 00-4.95-4.95l-1.25 1.25zm-4.69 9.64a2 2 0 010-2.83l2.5-2.5a2 2 0 012.83 0 .75.75 0 001.06-1.06 3.5 3.5 0 00-4.95 0l-2.5 2.5a3.5 3.5 0 004.95 4.95l1.25-1.25a.75.75 0 00-1.06-1.06l-1.25 1.25a2 2 0 01-2.83 0z\"></path></svg></a><span class=\"notion-h-title\"><a target=\"_blank\" rel=\"noopener noreferrer\" class=\"notion-link\" href=\"https://zh.wikipedia.org/zh-sg/%E6%9D%8E%E7%99%BD\">1. 关于李白</a></span></span></h4><div class=\"notion-text notion-block-4b743d7ccf6c40b88998f5e42a5a6064\">引用另一篇文章→<a class=\"notion-link\" href=\"/9b691735a3554e3a9e666b2b6915daaf\"><span class=\"notion-page-title\"><div class=\"notion-page-icon-inline notion-page-icon-span\"><span class=\"notion-page-title-icon notion-page-icon\" role=\"img\" aria-label=\"📖\">📖</span></div><span class=\"notion-page-title-text\">模板说明</span></span></a> </div></main></div>",
            "url": "https://www.aipm.space/article/example-1",
            "title": "示例文章",
            "summary": "这是示例的文章摘要，摘要内容可被用做搜索，预览。文章列表默认展示概要；若要在列表直接展示文章内容，可在blog.config.js中配置。",
            "date_modified": "2021-11-04T16:00:00.000Z"
        },
        {
            "content_html": "<div id=\"notion-article\" class=\"mx-auto overflow-hidden \"><main class=\"notion light-mode notion-page notion-block-c5873373295b4b7595e444e926e34509\"><div class=\"notion-viewport\"></div><div class=\"notion-collection-page-properties\"></div><div class=\"notion-callout notion-gray_background_co notion-block-ef085ab59b7747949dd0e8b7c56970f9\"><div class=\"notion-page-icon-inline notion-page-icon-span\"><span class=\"notion-page-icon\" role=\"img\" aria-label=\"😀\">😀</span></div><div class=\"notion-callout-text\">这里写文章的前言：\n一个简单的开头,简述这篇文章讨论的问题、目标、人物、背景是什么？并简述你给出的答案。<div class=\"notion-text notion-block-cf49f9d066e046c9880bdc262f18e6c8\">可以说说你的故事：阻碍、努力、结果成果，意外与转折。</div></div></div><div class=\"notion-blank notion-block-2d717f77c37c4bb6a31db366846df2e1\"> </div><h2 class=\"notion-h notion-h1 notion-h-indent-0 notion-block-e08b667584794ad784d67ac135ecf5e5\" data-id=\"e08b667584794ad784d67ac135ecf5e5\"><span><div id=\"e08b667584794ad784d67ac135ecf5e5\" class=\"notion-header-anchor\"></div><a class=\"notion-hash-link\" href=\"#e08b667584794ad784d67ac135ecf5e5\" title=\"📝 主旨内容\"><svg viewBox=\"0 0 16 16\" width=\"16\" height=\"16\"><path fill-rule=\"evenodd\" d=\"M7.775 3.275a.75.75 0 001.06 1.06l1.25-1.25a2 2 0 112.83 2.83l-2.5 2.5a2 2 0 01-2.83 0 .75.75 0 00-1.06 1.06 3.5 3.5 0 004.95 0l2.5-2.5a3.5 3.5 0 00-4.95-4.95l-1.25 1.25zm-4.69 9.64a2 2 0 010-2.83l2.5-2.5a2 2 0 012.83 0 .75.75 0 001.06-1.06 3.5 3.5 0 00-4.95 0l-2.5 2.5a3.5 3.5 0 004.95 4.95l1.25-1.25a.75.75 0 00-1.06-1.06l-1.25 1.25a2 2 0 01-2.83 0z\"></path></svg></a><span class=\"notion-h-title\">📝 主旨内容</span></span></h2><h3 class=\"notion-h notion-h2 notion-h-indent-1 notion-block-ae3457467d324914888b61eb21284b22\" data-id=\"ae3457467d324914888b61eb21284b22\"><span><div id=\"ae3457467d324914888b61eb21284b22\" class=\"notion-header-anchor\"></div><a class=\"notion-hash-link\" href=\"#ae3457467d324914888b61eb21284b22\" title=\"观点1\"><svg viewBox=\"0 0 16 16\" width=\"16\" height=\"16\"><path fill-rule=\"evenodd\" d=\"M7.775 3.275a.75.75 0 001.06 1.06l1.25-1.25a2 2 0 112.83 2.83l-2.5 2.5a2 2 0 01-2.83 0 .75.75 0 00-1.06 1.06 3.5 3.5 0 004.95 0l2.5-2.5a3.5 3.5 0 00-4.95-4.95l-1.25 1.25zm-4.69 9.64a2 2 0 010-2.83l2.5-2.5a2 2 0 012.83 0 .75.75 0 001.06-1.06 3.5 3.5 0 00-4.95 0l-2.5 2.5a3.5 3.5 0 004.95 4.95l1.25-1.25a.75.75 0 00-1.06-1.06l-1.25 1.25a2 2 0 01-2.83 0z\"></path></svg></a><span class=\"notion-h-title\">观点1</span></span></h3><blockquote class=\"notion-quote notion-block-eea0ca461d7e4f2d975beb0d057270c7\"><div>引用的话语</div></blockquote><h3 class=\"notion-h notion-h2 notion-h-indent-1 notion-block-059ea3fb339342f698f1b01caf3617c7\" data-id=\"059ea3fb339342f698f1b01caf3617c7\"><span><div id=\"059ea3fb339342f698f1b01caf3617c7\" class=\"notion-header-anchor\"></div><a class=\"notion-hash-link\" href=\"#059ea3fb339342f698f1b01caf3617c7\" title=\"观点2\"><svg viewBox=\"0 0 16 16\" width=\"16\" height=\"16\"><path fill-rule=\"evenodd\" d=\"M7.775 3.275a.75.75 0 001.06 1.06l1.25-1.25a2 2 0 112.83 2.83l-2.5 2.5a2 2 0 01-2.83 0 .75.75 0 00-1.06 1.06 3.5 3.5 0 004.95 0l2.5-2.5a3.5 3.5 0 00-4.95-4.95l-1.25 1.25zm-4.69 9.64a2 2 0 010-2.83l2.5-2.5a2 2 0 012.83 0 .75.75 0 001.06-1.06 3.5 3.5 0 00-4.95 0l-2.5 2.5a3.5 3.5 0 004.95 4.95l1.25-1.25a.75.75 0 00-1.06-1.06l-1.25 1.25a2 2 0 01-2.83 0z\"></path></svg></a><span class=\"notion-h-title\">观点2</span></span></h3><blockquote class=\"notion-quote notion-block-abb794797f5a4c3a87a6d1c2c0f820be\"><div>引用的话语</div></blockquote><h2 class=\"notion-h notion-h1 notion-h-indent-0 notion-block-061d80fc1fd444288b136d0c963e2a38\" data-id=\"061d80fc1fd444288b136d0c963e2a38\"><span><div id=\"061d80fc1fd444288b136d0c963e2a38\" class=\"notion-header-anchor\"></div><a class=\"notion-hash-link\" href=\"#061d80fc1fd444288b136d0c963e2a38\" title=\"🤗 总结归纳\"><svg viewBox=\"0 0 16 16\" width=\"16\" height=\"16\"><path fill-rule=\"evenodd\" d=\"M7.775 3.275a.75.75 0 001.06 1.06l1.25-1.25a2 2 0 112.83 2.83l-2.5 2.5a2 2 0 01-2.83 0 .75.75 0 00-1.06 1.06 3.5 3.5 0 004.95 0l2.5-2.5a3.5 3.5 0 00-4.95-4.95l-1.25 1.25zm-4.69 9.64a2 2 0 010-2.83l2.5-2.5a2 2 0 012.83 0 .75.75 0 001.06-1.06 3.5 3.5 0 00-4.95 0l-2.5 2.5a3.5 3.5 0 004.95 4.95l1.25-1.25a.75.75 0 00-1.06-1.06l-1.25 1.25a2 2 0 01-2.83 0z\"></path></svg></a><span class=\"notion-h-title\">🤗 总结归纳</span></span></h2><div class=\"notion-text notion-block-82a1fff7d2014291a995a739b8f9fac8\">总结文章的内容</div><h2 class=\"notion-h notion-h1 notion-h-indent-0 notion-block-33aacf883687499895b5fce2a40a9818\" data-id=\"33aacf883687499895b5fce2a40a9818\"><span><div id=\"33aacf883687499895b5fce2a40a9818\" class=\"notion-header-anchor\"></div><a class=\"notion-hash-link\" href=\"#33aacf883687499895b5fce2a40a9818\" title=\"📎 参考文章\"><svg viewBox=\"0 0 16 16\" width=\"16\" height=\"16\"><path fill-rule=\"evenodd\" d=\"M7.775 3.275a.75.75 0 001.06 1.06l1.25-1.25a2 2 0 112.83 2.83l-2.5 2.5a2 2 0 01-2.83 0 .75.75 0 00-1.06 1.06 3.5 3.5 0 004.95 0l2.5-2.5a3.5 3.5 0 00-4.95-4.95l-1.25 1.25zm-4.69 9.64a2 2 0 010-2.83l2.5-2.5a2 2 0 012.83 0 .75.75 0 001.06-1.06 3.5 3.5 0 00-4.95 0l-2.5 2.5a3.5 3.5 0 004.95 4.95l1.25-1.25a.75.75 0 00-1.06-1.06l-1.25 1.25a2 2 0 01-2.83 0z\"></path></svg></a><span class=\"notion-h-title\">📎 参考文章</span></span></h2><ul class=\"notion-list notion-list-disc notion-block-96a312fa8d1d4756b8b85ae4d76cdf01\"><li>一些引用</li></ul><ul class=\"notion-list notion-list-disc notion-block-0ed64fefee8d4317bcc0663a6a2414fc\"><li>引用文章</li></ul><div class=\"notion-blank notion-block-aca5f94e20c54bdaba4215fc280700d5\"> </div><div class=\"notion-callout notion-gray_background_co notion-block-80dc515cd36b40e4894f7b3249815631\"><div class=\"notion-page-icon-inline notion-page-icon-span\"><span class=\"notion-page-icon\" role=\"img\" aria-label=\"💡\">💡</span></div><div class=\"notion-callout-text\">有关Notion安装或者使用上的问题，欢迎您在底部评论区留言，一起交流~</div></div></main></div>",
            "url": "https://www.aipm.space/article/example-7",
            "title": "空白文章",
            "summary": "仅供列表展示、文章无内容;\n这里写文章的前言：\n一个简单的开头,简述这篇文章讨论的问题、目标、人物、背景是什么？并简述你给出的答案。",
            "date_modified": "2021-07-01T16:00:00.000Z"
        },
        {
            "content_html": "本文需要输入密码才可访问，密码: 123456",
            "url": "https://www.aipm.space/article/example-2",
            "title": "加锁文章 - 密码123456",
            "summary": "本文需要输入密码才可访问，密码: 123456",
            "date_modified": "2021-11-04T16:00:00.000Z"
        }
    ]
}